fila_origen,preliminar_id,vigencia_id,final_id,sede_modalidad_id,sede_id,institucion_id,municipio_xlsx,municipio_id_esperado,municipio_bd_actual,municipio_id_bd_actual,institucion_xlsx,institucion_bd,sede_xlsx,sede_bd,modalidad_xlsx,modalidad_bd,estado_municipio
3,160,168,165,1,1,1,ACACÍAS,4,ACACÍAS,4,INSTITUCION EDUCATIVA ESCUELA NORMAL SUPERIOR DE ACACIAS,INSTITUCIÓN EDUCATIVA ESCUELA NORMAL SUPERIOR DE ACACIAS,SEDE EL PLAYON,SEDE EL PLAYON,CAA,CAA,OK
4,161,169,166,2,2,1,ACACÍAS,4,ACACÍAS,4,INSTITUCION EDUCATIVA ESCUELA NORMAL SUPERIOR DE ACACIAS,INSTITUCIÓN EDUCATIVA ESCUELA NORMAL SUPERIOR DE ACACIAS,SEDE PRINCIPAL ESCUELA NORMAL SUPERIOR DE ACACIAS,SEDE PRINCIPAL ESCUELA NORMAL SUPERIOR DE ACACIAS,CAJM/JT-RI,CAJM/JT-RI,OK
5,162,170,167,3,3,2,ACACÍAS,4,ACACÍAS,4,INSTITUCION EDUCATIVA GABRIELA MISTRAL,INSTITUCIÓN EDUCATIVA GABRIELA MISTRAL,SEDE PRINCIPAL GABRIELA MISTRAL,SEDE PRINCIPAL GABRIELA MISTRAL,CAA,CAA,OK
6,163,171,168,4,4,2,ACACÍAS,4,ACACÍAS,4,INSTITUCION EDUCATIVA GABRIELA MISTRAL,INSTITUCIÓN EDUCATIVA GABRIELA MISTRAL,SEDE SAN NICOLAS,SEDE SAN NICOLAS,CAJM/JT-RI,CAJM/JT-RI,OK
7,164,172,169,5,5,3,ACACÍAS,4,ACACÍAS,4,INSTITUCION EDUCATIVA JUAN ROZO,INSTITUCIÓN EDUCATIVA JUAN ROZO,SEDE ANTONIO NARIÑO,SEDE ANTONIO NARINO,CAA,CAA,OK
8,165,173,170,6,6,3,ACACÍAS,4,ACACÍAS,4,INSTITUCION EDUCATIVA JUAN ROZO,INSTITUCIÓN EDUCATIVA JUAN ROZO,SEDE ENRIQUE DANIELS,SEDE ENRIQUE DANIELS,CAJM/JT-RI,CAJM/JT-RI,OK
9,166,174,171,7,7,3,ACACÍAS,4,ACACÍAS,4,INSTITUCION EDUCATIVA JUAN ROZO,INSTITUCIÓN EDUCATIVA JUAN ROZO,SEDE PABLO SEXTO,SEDE PABLO SEXTO,CAJM/JT-RI,CAJM/JT-RI,OK
10,167,175,172,8,8,3,ACACÍAS,4,ACACÍAS,4,INSTITUCION EDUCATIVA JUAN ROZO,INSTITUCIÓN EDUCATIVA JUAN ROZO,SEDE PRINCIPAL JUAN ROZO,SEDE PRINCIPAL JUAN ROZO,CAJM/JT-RI,CAJM/JT-RI,OK
11,168,176,173,9,9,3,ACACÍAS,4,ACACÍAS,4,INSTITUCION EDUCATIVA JUAN ROZO,INSTITUCIÓN EDUCATIVA JUAN ROZO,SEDE RAFAEL POMBO,SEDE RAFAEL POMBO,CAJM/JT-RI,CAJM/JT-RI,OK
12,169,177,174,10,10,4,ACACÍAS,4,ACACÍAS,4,INSTITUCION EDUCATIVA LUIS CARLOS GALAN SARMIENTO,INSTITUCIÓN EDUCATIVA LUIS CARLOS GALAN SARMIENTO,SEDE PRINCIPAL LUIS CARLOS GALAN SARMIENTO,SEDE PRINCIPAL LUIS CARLOS GALAN SARMIENTO,CAJM/JT-RI,CAJM/JT-RI,OK
13,170,178,175,11,11,5,ACACÍAS,4,ACACÍAS,4,INSTITUCION EDUCATIVA MARIA MONTESSORI,INSTITUCIÓN EDUCATIVA MARIA MONTESSORI,SEDE PRINCIPAL MARIA MONTESSORI,SEDE PRINCIPAL MARIA MONTESSORI,CAJM/JT-RI,CAJM/JT-RI,OK
14,171,179,176,12,12,6,ACACÍAS,4,ACACÍAS,4,INSTITUCION EDUCATIVA SAN ISIDRO DE CHICHIMENE,INSTITUCIÓN EDUCATIVA SAN ISIDRO DE CHICHIMENE,SEDE EL TRIUNFO,SEDE EL TRIUNFO,CAJM/JT-RI,CAJM/JT-RI,OK
15,172,180,177,13,13,6,ACACÍAS,4,ACACÍAS,4,INSTITUCION EDUCATIVA SAN ISIDRO DE CHICHIMENE,INSTITUCIÓN EDUCATIVA SAN ISIDRO DE CHICHIMENE,SEDE LA ESMERALDA,SEDE LA ESMERALDA,CAA,CAA,OK
16,173,181,178,14,14,6,ACACÍAS,4,ACACÍAS,4,INSTITUCION EDUCATIVA SAN ISIDRO DE CHICHIMENE,INSTITUCIÓN EDUCATIVA SAN ISIDRO DE CHICHIMENE,SEDE LA UNION,SEDE LA UNION,CAA,CAA,OK
17,174,182,179,15,15,6,ACACÍAS,4,ACACÍAS,4,INSTITUCION EDUCATIVA SAN ISIDRO DE CHICHIMENE,INSTITUCIÓN EDUCATIVA SAN ISIDRO DE CHICHIMENE,SEDE LOMA DE TIGRE,SEDE LOMA DE TIGRE,CAJM/JT-RI,CAJM/JT-RI,OK
18,175,183,180,16,16,6,ACACÍAS,4,ACACÍAS,4,INSTITUCION EDUCATIVA SAN ISIDRO DE CHICHIMENE,INSTITUCIÓN EDUCATIVA SAN ISIDRO DE CHICHIMENE,SEDE MANUELA BELTRAN,SEDE MANUELA BELTRAN,CAJM/JT-RI,CAJM/JT-RI,OK
19,176,184,181,17,17,6,ACACÍAS,4,ACACÍAS,4,INSTITUCION EDUCATIVA SAN ISIDRO DE CHICHIMENE,INSTITUCIÓN EDUCATIVA SAN ISIDRO DE CHICHIMENE,SEDE MONTEBELLO,SEDE MONTEBELLO,CAJM/JT-RI,CAJM/JT-RI,OK
20,177,185,1,18,18,6,ACACÍAS,4,ACACÍAS,4,INSTITUCION EDUCATIVA SAN ISIDRO DE CHICHIMENE,INSTITUCIÓN EDUCATIVA SAN ISIDRO DE CHICHIMENE,SEDE PRINCIPAL SAN ISIDRO DE CHICHIMENE,SEDE PRINCIPAL SAN ISIDRO DE CHICHIMENE,CAJM/JT-RI,CAJM/JT-RI,OK
21,178,186,19,19,18,6,ACACÍAS,4,ACACÍAS,4,INSTITUCION EDUCATIVA SAN ISIDRO DE CHICHIMENE,INSTITUCIÓN EDUCATIVA SAN ISIDRO DE CHICHIMENE,SEDE PRINCIPAL SAN ISIDRO DE CHICHIMENE,SEDE PRINCIPAL SAN ISIDRO DE CHICHIMENE,CAJU-RI,CAJU-RI,OK
22,179,187,182,20,18,6,ACACÍAS,4,ACACÍAS,4,INSTITUCION EDUCATIVA SAN ISIDRO DE CHICHIMENE,INSTITUCIÓN EDUCATIVA SAN ISIDRO DE CHICHIMENE,SEDE PRINCIPAL SAN ISIDRO DE CHICHIMENE,SEDE PRINCIPAL SAN ISIDRO DE CHICHIMENE,CAA-JU,CAA-JU,OK
23,180,188,183,21,18,6,ACACÍAS,4,ACACÍAS,4,INSTITUCION EDUCATIVA SAN ISIDRO DE CHICHIMENE,INSTITUCIÓN EDUCATIVA SAN ISIDRO DE CHICHIMENE,SEDE PRINCIPAL SAN ISIDRO DE CHICHIMENE,SEDE PRINCIPAL SAN ISIDRO DE CHICHIMENE,CAARES,CAARES,OK
24,181,189,184,22,19,6,ACACÍAS,4,ACACÍAS,4,INSTITUCION EDUCATIVA SAN ISIDRO DE CHICHIMENE,INSTITUCIÓN EDUCATIVA SAN ISIDRO DE CHICHIMENE,SEDE SANTA ROSA,SEDE SANTA ROSA,CAA,CAA,OK
25,182,190,185,23,20,7,ACACÍAS,4,ACACÍAS,4,IE PABLO EMILIO RIVEROS,INSTITUCIÓN EDUCATIVA PABLO EMILIO RIVEROS,SEDE EL DORADO,SEDE EL DORADO,CAJM/JT-RI,CAJM/JT-RI,OK
26,183,191,186,24,21,7,ACACÍAS,4,ACACÍAS,4,IE PABLO EMILIO RIVEROS,INSTITUCIÓN EDUCATIVA PABLO EMILIO RIVEROS,SEDE PRINCIPAL PABLO EMILIO RIVEROS,SEDE PRINCIPAL PABLO EMILIO RIVEROS,CAJM/JT-RI,CAJM/JT-RI,OK
27,184,192,187,25,22,8,ACACÍAS,4,ACACÍAS,4,INSTITUCION EDUCATIVA JUAN HUMBERTO BAQUERO SOLER,INSTITUCIÓN EDUCATIVA JUAN HUMBERTO BAQUERO SOLER,SEDE PRINCIPAL EL CARMEN,SEDE PRINCIPAL EL CARMEN,CAA,CAA,OK
28,185,193,188,26,23,8,ACACÍAS,4,ACACÍAS,4,INSTITUCION EDUCATIVA JUAN HUMBERTO BAQUERO SOLER,INSTITUCIÓN EDUCATIVA JUAN HUMBERTO BAQUERO SOLER,SEDE JUAN HUMBERTO BAQUERO SOLER,SEDE JUAN HUMBERTO BAQUERO SOLER,CAJM/JT-RI,CAJM/JT-RI,OK
29,186,194,189,27,24,9,BARRANCA DE UPÍA,87,BARRANCA DE UPÍA,87,INSTITUCION EDUCATIVA FRANCISCO WALTER,INSTITUCIÓN EDUCATIVA FRANCISCO WALTER,SEDE JORGE ELIECER GAITAN,SEDE JORGE ELIECER GAITAN,CAJU-RI,CAJU-RI,OK
30,187,195,190,28,24,9,BARRANCA DE UPÍA,87,BARRANCA DE UPÍA,87,INSTITUCION EDUCATIVA FRANCISCO WALTER,INSTITUCIÓN EDUCATIVA FRANCISCO WALTER,SEDE JORGE ELIECER GAITAN,SEDE JORGE ELIECER GAITAN,CAA-JU,CAA-JU,OK
31,188,196,191,29,25,9,BARRANCA DE UPÍA,87,BARRANCA DE UPÍA,87,INSTITUCION EDUCATIVA FRANCISCO WALTER,INSTITUCIÓN EDUCATIVA FRANCISCO WALTER,SEDE PRINCIPAL FRANCISCO WALTER,SEDE PRINCIPAL FRANCISCO WALTER,CAJM/JT-RI,CAJM/JT-RI,OK
32,189,197,192,30,25,9,BARRANCA DE UPÍA,87,BARRANCA DE UPÍA,87,INSTITUCION EDUCATIVA FRANCISCO WALTER,INSTITUCIÓN EDUCATIVA FRANCISCO WALTER,SEDE PRINCIPAL FRANCISCO WALTER,SEDE PRINCIPAL FRANCISCO WALTER,CAA,CAA,OK
33,190,198,193,31,26,10,CABUYARO,134,CABUYARO,134,CENTRO EDUCATIVO SAN FELIPE,CENTRO EDUCATIVO SAN FELIPE,SEDE LA EMBAJADA,SEDE LA EMBAJADA,CAJM/JT-RI,CAJM/JT-RI,OK
34,191,199,194,32,27,10,CABUYARO,134,CABUYARO,134,CENTRO EDUCATIVO SAN FELIPE,CENTRO EDUCATIVO SAN FELIPE,SEDE PRINCIPAL SAN FELIPE,SEDE PRINCIPAL SAN FELIPE,CAJM/JT-RI,CAJM/JT-RI,OK
35,192,200,195,33,28,10,CABUYARO,134,CABUYARO,134,CENTRO EDUCATIVO SAN FELIPE,CENTRO EDUCATIVO SAN FELIPE,SEDE SANTA ISABEL,SEDE SANTA ISABEL,CAJM/JT-RI,CAJM/JT-RI,OK
36,193,201,196,34,29,11,CABUYARO,134,CABUYARO,134,CENTRO EDUCATIVO YARICO,CENTRO EDUCATIVO YARICO,SEDE EL VERGEL,SEDE EL VERGEL,CAJM/JT-RI,CAJM/JT-RI,OK
37,194,202,197,35,30,11,CABUYARO,134,CABUYARO,134,CENTRO EDUCATIVO YARICO,CENTRO EDUCATIVO YARICO,SEDE LOS MANGOS,SEDE LOS MANGOS,CAJM/JT-RI,CAJM/JT-RI,OK
38,195,203,198,36,31,11,CABUYARO,134,CABUYARO,134,CENTRO EDUCATIVO YARICO,CENTRO EDUCATIVO YARICO,SEDE PALOMAS,SEDE PALOMAS,CAJM/JT-RI,CAJM/JT-RI,OK
39,196,204,199,37,32,11,CABUYARO,134,CABUYARO,134,CENTRO EDUCATIVO YARICO,CENTRO EDUCATIVO YARICO,SEDE SAN PEDRO,SEDE SAN PEDRO,CAJM/JT-RI,CAJM/JT-RI,OK
40,197,205,200,38,33,12,CABUYARO,134,CABUYARO,134,INSTITUCION EDUCATIVA CABUYARO,INSTITUCIÓN EDUCATIVA CABUYARO,SEDE PRINCIPAL CABUYARO,SEDE PRINCIPAL CABUYARO,CAJM/JT-RI,CAJM/JT-RI,OK
41,198,206,201,39,33,12,CABUYARO,134,CABUYARO,134,INSTITUCION EDUCATIVA CABUYARO,INSTITUCIÓN EDUCATIVA CABUYARO,SEDE PRINCIPAL CABUYARO,SEDE PRINCIPAL CABUYARO,CAARES,CAARES,OK
42,199,207,202,40,34,13,CASTILLA LA NUEVA,181,CASTILLA LA NUEVA,181,CENTRO EDUCATIVO CASTILLA LA NUEVA,CENTRO EDUCATIVO CASTILLA LA NUEVA,SEDE ALTO BETANIA,SEDE ALTO BETANIA,CAJU-RI,CAJU-RI,OK
43,200,208,203,41,35,13,CASTILLA LA NUEVA,181,CASTILLA LA NUEVA,181,CENTRO EDUCATIVO CASTILLA LA NUEVA,CENTRO EDUCATIVO CASTILLA LA NUEVA,SEDE CAÑO GRANDE,SEDE CANO GRANDE,CAJU-RI,CAJU-RI,OK
44,201,209,204,42,36,13,CASTILLA LA NUEVA,181,CASTILLA LA NUEVA,181,CENTRO EDUCATIVO CASTILLA LA NUEVA,CENTRO EDUCATIVO CASTILLA LA NUEVA,SEDE EL PROGRESO,SEDE EL PROGRESO,CAJU-RI,CAJU-RI,OK
45,202,210,205,43,37,13,CASTILLA LA NUEVA,181,CASTILLA LA NUEVA,181,CENTRO EDUCATIVO CASTILLA LA NUEVA,CENTRO EDUCATIVO CASTILLA LA NUEVA,SEDE LA REPRESA,SEDE LA REPRESA,CAJU-RI,CAJU-RI,OK
46,203,211,206,44,38,13,CASTILLA LA NUEVA,181,CASTILLA LA NUEVA,181,CENTRO EDUCATIVO CASTILLA LA NUEVA,CENTRO EDUCATIVO CASTILLA LA NUEVA,SEDE EL TORO,SEDE EL TORO,CAJU-RI,CAJU-RI,OK
47,204,212,207,45,39,13,CASTILLA LA NUEVA,181,CASTILLA LA NUEVA,181,CENTRO EDUCATIVO CASTILLA LA NUEVA,CENTRO EDUCATIVO CASTILLA LA NUEVA,SEDE EL TRIUNFO,SEDE EL TRIUNFO,CAJU-RI,CAJU-RI,OK
48,205,213,208,46,40,13,CASTILLA LA NUEVA,181,CASTILLA LA NUEVA,181,CENTRO EDUCATIVO CASTILLA LA NUEVA,CENTRO EDUCATIVO CASTILLA LA NUEVA,SEDE PRINCIPAL LAS VIOLETAS,SEDE PRINCIPAL LAS VIOLETAS,CAJU-RI,CAJU-RI,OK
49,206,214,209,47,41,13,CASTILLA LA NUEVA,181,CASTILLA LA NUEVA,181,CENTRO EDUCATIVO CASTILLA LA NUEVA,CENTRO EDUCATIVO CASTILLA LA NUEVA,SAN AGUSTIN,SAN AGUSTIN,CAJU-RI,CAJU-RI,OK
50,207,215,210,48,42,13,CASTILLA LA NUEVA,181,CASTILLA LA NUEVA,181,CENTRO EDUCATIVO CASTILLA LA NUEVA,CENTRO EDUCATIVO CASTILLA LA NUEVA,SEDE SABANAS DEL ROSARIO,SEDE SABANAS DEL ROSARIO,CAJU-RI,CAJU-RI,OK
51,208,216,211,49,43,13,CASTILLA LA NUEVA,181,CASTILLA LA NUEVA,181,CENTRO EDUCATIVO CASTILLA LA NUEVA,CENTRO EDUCATIVO CASTILLA LA NUEVA,SEDE SAN JOSE DEL TURUY,SEDE SAN JOSE DEL TURUY,CAJU-RI,CAJU-RI,OK
52,209,217,212,50,44,14,CASTILLA LA NUEVA,181,CASTILLA LA NUEVA,181,INSTITUCION EDUCATIVA HENRY DANIELS,INSTITUCIÓN EDUCATIVA HENRY DANIELS,SEDE PRINCIPAL HENRY DANIELS,SEDE PRINCIPAL HENRY DANIELS,CAJU-RI,CAJU-RI,OK
53,210,218,213,51,45,15,CASTILLA LA NUEVA,181,CASTILLA LA NUEVA,181,INSTITUCION EDUCATIVA SAN LORENZO,INSTITUCIÓN EDUCATIVA SAN LORENZO,SEDE PRINCIPAL SAN LORENZO,SEDE PRINCIPAL SAN LORENZO,CAJU-RI,CAJU-RI,OK
54,211,219,214,52,46,16,CUMARAL,268,CUMARAL,268,INSTITUCION EDUCATIVA AGRICOLA DE GUACAVIA,INSTITUCIÓN EDUCATIVA AGRICOLA DE GUACAVIA,SEDE PRINCIPAL AGRICOLA DE GUACAVIA,SEDE PRINCIPAL AGRICOLA DE GUACAVIA,CAJM/JT-RI,CAJM/JT-RI,OK
55,212,220,215,53,46,16,CUMARAL,268,CUMARAL,268,INSTITUCION EDUCATIVA AGRICOLA DE GUACAVIA,INSTITUCIÓN EDUCATIVA AGRICOLA DE GUACAVIA,SEDE PRINCIPAL AGRICOLA DE GUACAVIA,SEDE PRINCIPAL AGRICOLA DE GUACAVIA,CAA,CAA,OK
56,213,221,216,54,46,16,CUMARAL,268,CUMARAL,268,INSTITUCION EDUCATIVA AGRICOLA DE GUACAVIA,INSTITUCIÓN EDUCATIVA AGRICOLA DE GUACAVIA,SEDE PRINCIPAL AGRICOLA DE GUACAVIA,SEDE PRINCIPAL AGRICOLA DE GUACAVIA,CAARES,CAARES,OK
57,214,222,217,55,47,17,CUMARAL,268,CUMARAL,268,INSTITUCION EDUCATIVA JOSE ANTONIO GALAN,INSTITUCIÓN EDUCATIVA JOSE ANTONIO GALAN,SEDE JOSE MARIA CORDOBA,SEDE JOSE MARIA CORDOBA,CAJM/JT-RI,CAJM/JT-RI,OK
58,215,223,218,56,47,17,CUMARAL,268,CUMARAL,268,INSTITUCION EDUCATIVA JOSE ANTONIO GALAN,INSTITUCIÓN EDUCATIVA JOSE ANTONIO GALAN,SEDE JOSE MARIA CORDOBA,SEDE JOSE MARIA CORDOBA,CAA,CAA,OK
59,216,224,219,57,48,17,CUMARAL,268,CUMARAL,268,INSTITUCION EDUCATIVA JOSE ANTONIO GALAN,INSTITUCIÓN EDUCATIVA JOSE ANTONIO GALAN,SEDE PRINCIPAL JOSE ANTONIO GALAN,SEDE PRINCIPAL JOSE ANTONIO GALAN,CAJM/JT-RI,CAJM/JT-RI,OK
60,217,225,220,58,49,18,CUMARAL,268,CUMARAL,268,INSTITUCION EDUCATIVA SAN ISIDRO DE VERACRUZ,INSTITUCIÓN EDUCATIVA SAN ISIDRO DE VERACRUZ,SEDE CUARTELES,SEDE CUARTELES,CAJM/JT-RI,CAJM/JT-RI,OK
61,218,226,221,59,50,18,CUMARAL,268,CUMARAL,268,INSTITUCION EDUCATIVA SAN ISIDRO DE VERACRUZ,INSTITUCIÓN EDUCATIVA SAN ISIDRO DE VERACRUZ,SEDE LA VENTUROSA,SEDE LA VENTUROSA,CAA,CAA,OK
62,219,227,222,60,51,18,CUMARAL,268,CUMARAL,268,INSTITUCION EDUCATIVA SAN ISIDRO DE VERACRUZ,INSTITUCIÓN EDUCATIVA SAN ISIDRO DE VERACRUZ,SEDE PRINCIPAL SAN ISIDRO DE VERACRUZ,SEDE PRINCIPAL SAN ISIDRO DE VERACRUZ,CAJM/JT-RI,CAJM/JT-RI,OK
63,220,228,223,61,51,18,CUMARAL,268,CUMARAL,268,INSTITUCION EDUCATIVA SAN ISIDRO DE VERACRUZ,INSTITUCIÓN EDUCATIVA SAN ISIDRO DE VERACRUZ,SEDE PRINCIPAL SAN ISIDRO DE VERACRUZ,SEDE PRINCIPAL SAN ISIDRO DE VERACRUZ,CAJU-RI,CAJU-RI,OK
64,221,229,224,62,51,18,CUMARAL,268,CUMARAL,268,INSTITUCION EDUCATIVA SAN ISIDRO DE VERACRUZ,INSTITUCIÓN EDUCATIVA SAN ISIDRO DE VERACRUZ,SEDE PRINCIPAL SAN ISIDRO DE VERACRUZ,SEDE PRINCIPAL SAN ISIDRO DE VERACRUZ,CAA-JU,CAA-JU,OK
65,222,230,225,63,52,18,CUMARAL,268,CUMARAL,268,INSTITUCION EDUCATIVA SAN ISIDRO DE VERACRUZ,INSTITUCIÓN EDUCATIVA SAN ISIDRO DE VERACRUZ,SEDE RANCHERIAS,SEDE RANCHERIAS,CAJM/JT-RI,CAJM/JT-RI,OK
66,223,231,226,64,53,19,CUMARAL,268,CUMARAL,268,INSTITUCION EDUCATIVA TENIENTE CRUZ PAREDES,INSTITUCIÓN EDUCATIVA TENIENTE CRUZ PAREDES,SEDE JARDIN INFANTIL,SEDE JARDIN INFANTIL,CAJM/JT-RI,CAJM/JT-RI,OK
67,224,232,227,65,54,19,CUMARAL,268,CUMARAL,268,INSTITUCION EDUCATIVA TENIENTE CRUZ PAREDES,INSTITUCIÓN EDUCATIVA TENIENTE CRUZ PAREDES,SEDE PRESENTADO,SEDE PRESENTADO,CAJM/JT-RI,CAJM/JT-RI,OK
68,225,233,228,66,55,19,CUMARAL,268,CUMARAL,268,INSTITUCION EDUCATIVA TENIENTE CRUZ PAREDES,INSTITUCIÓN EDUCATIVA TENIENTE CRUZ PAREDES,SEDE PRINCIPAL TENIENTE CRUZ PAREDES,SEDE PRINCIPAL TENIENTE CRUZ PAREDES,CAA,CAA,OK
69,226,234,229,67,55,19,CUMARAL,268,CUMARAL,268,INSTITUCION EDUCATIVA TENIENTE CRUZ PAREDES,INSTITUCIÓN EDUCATIVA TENIENTE CRUZ PAREDES,SEDE PRINCIPAL TENIENTE CRUZ PAREDES,SEDE PRINCIPAL TENIENTE CRUZ PAREDES,CAJM/JT-RI,CAJM/JT-RI,OK
70,227,235,230,68,56,20,EL CALVARIO,290,EL CALVARIO,290,INSTITUCION EDUCATIVA JUAN BAUTISTA ARNAUD,INSTITUCIÓN EDUCATIVA JUAN BAUTISTA ARNAUD,SEDE PRINCIPAL JUAN BAUTISTA ARNAUD,SEDE PRINCIPAL JUAN BAUTISTA ARNAUD,CAJM/JT-RI,CAJM/JT-RI,OK
71,228,236,231,69,56,20,EL CALVARIO,290,EL CALVARIO,290,INSTITUCION EDUCATIVA JUAN BAUTISTA ARNAUD,INSTITUCIÓN EDUCATIVA JUAN BAUTISTA ARNAUD,SEDE PRINCIPAL JUAN BAUTISTA ARNAUD,SEDE PRINCIPAL JUAN BAUTISTA ARNAUD,CAARES,CAARES,OK
72,229,237,232,70,57,20,EL CALVARIO,290,EL CALVARIO,290,INSTITUCION EDUCATIVA JUAN BAUTISTA ARNAUD,INSTITUCIÓN EDUCATIVA JUAN BAUTISTA ARNAUD,SEDE SAN PEDRO,SEDE SAN PEDRO,CAJM/JT-RI,CAJM/JT-RI,OK
73,230,238,233,71,58,21,EL CALVARIO,290,EL CALVARIO,290,INSTITUCION EDUCATIVA SIMON BOLIVAR,INSTITUCIÓN EDUCATIVA SIMON BOLIVAR,SEDE PRINCIPAL SIMON BOLIVAR,SEDE PRINCIPAL SIMON BOLIVAR,CAJU-RI,CAJU-RI,OK
74,231,239,234,72,58,21,EL CALVARIO,290,EL CALVARIO,290,INSTITUCION EDUCATIVA SIMON BOLIVAR,INSTITUCIÓN EDUCATIVA SIMON BOLIVAR,SEDE PRINCIPAL SIMON BOLIVAR,SEDE PRINCIPAL SIMON BOLIVAR,CAA-JU,CAA-JU,OK
75,232,240,235,73,58,21,EL CALVARIO,290,EL CALVARIO,290,INSTITUCION EDUCATIVA SIMON BOLIVAR,INSTITUCIÓN EDUCATIVA SIMON BOLIVAR,SEDE PRINCIPAL SIMON BOLIVAR,SEDE PRINCIPAL SIMON BOLIVAR,CAARES,CAARES,OK
76,233,241,236,74,59,21,EL CALVARIO,290,EL CALVARIO,290,INSTITUCION EDUCATIVA SIMON BOLIVAR,INSTITUCIÓN EDUCATIVA SIMON BOLIVAR,SEDE SAN ANTONIO ALTO,SEDE SAN ANTONIO ALTO,CAJM/JT-RI,CAJM/JT-RI,OK
77,234,242,237,75,60,22,EL CASTILLO,297,EL CASTILLO,297,CENTRO EDUCATIVO EL ENCANTO,CENTRO EDUCATIVO EL ENCANTO,SEDE CAÑO CLARO,SEDE CANO CLARO,CAJM/JT-RI,CAJM/JT-RI,OK
78,235,243,238,76,61,22,EL CASTILLO,297,EL CASTILLO,297,CENTRO EDUCATIVO EL ENCANTO,CENTRO EDUCATIVO EL ENCANTO,SEDE CAÑO LINDO,SEDE CANO LINDO,CAJM/JT-RI,CAJM/JT-RI,OK
79,236,244,239,77,62,22,EL CASTILLO,297,EL CASTILLO,297,CENTRO EDUCATIVO EL ENCANTO,CENTRO EDUCATIVO EL ENCANTO,SEDE LA CIMA,SEDE LA CIMA,CAJM/JT-RI,CAJM/JT-RI,OK
80,237,245,240,78,63,22,EL CASTILLO,297,EL CASTILLO,297,CENTRO EDUCATIVO EL ENCANTO,CENTRO EDUCATIVO EL ENCANTO,SEDE LA ESMERALDA,SEDE LA ESMERALDA,CAJM/JT-RI,CAJM/JT-RI,OK
81,238,246,241,79,64,22,EL CASTILLO,297,EL CASTILLO,297,CENTRO EDUCATIVO EL ENCANTO,CENTRO EDUCATIVO EL ENCANTO,SEDE MIRAVALLES,SEDE MIRAVALLES,CAJM/JT-RI,CAJM/JT-RI,OK
82,239,247,242,80,65,22,EL CASTILLO,297,EL CASTILLO,297,CENTRO EDUCATIVO EL ENCANTO,CENTRO EDUCATIVO EL ENCANTO,SEDE PRINCIPAL EL ENCANTO,SEDE PRINCIPAL EL ENCANTO,CAA,CAA,OK
83,240,248,243,81,65,22,EL CASTILLO,297,EL CASTILLO,297,CENTRO EDUCATIVO EL ENCANTO,CENTRO EDUCATIVO EL ENCANTO,SEDE PRINCIPAL EL ENCANTO,SEDE PRINCIPAL EL ENCANTO,CAARES,CAARES,OK
84,241,249,244,82,66,23,EL CASTILLO,297,EL CASTILLO,297,INSTITUCION EDUCATIVA OVIDIO DECROLY,INSTITUCIÓN EDUCATIVA OVIDIO DECROLY,SEDE JORGE ELIECER GAITAN,SEDE JORGE ELIECER GAITAN,CAA,CAA,OK
85,242,250,245,83,67,23,EL CASTILLO,297,EL CASTILLO,297,INSTITUCION EDUCATIVA OVIDIO DECROLY,INSTITUCIÓN EDUCATIVA OVIDIO DECROLY,SEDE PRINCIPAL OVIDIO DECROLY,SEDE PRINCIPAL OVIDIO DECROLY,CAA,CAA,OK
86,243,251,246,84,67,23,EL CASTILLO,297,EL CASTILLO,297,INSTITUCION EDUCATIVA OVIDIO DECROLY,INSTITUCIÓN EDUCATIVA OVIDIO DECROLY,SEDE PRINCIPAL OVIDIO DECROLY,SEDE PRINCIPAL OVIDIO DECROLY,CAARES,CAARES,OK
87,244,252,247,85,68,24,EL DORADO,304,EL DORADO,304,INSTITUCION EDUCATIVA EL DORADO,INSTITUCIÓN EDUCATIVA EL DORADO,SEDE PRINCIPAL EL DORADO,SEDE PRINCIPAL EL DORADO,CAJM/JT-RI,CAJM/JT-RI,OK
88,245,253,248,86,69,24,EL DORADO,304,EL DORADO,304,INSTITUCION EDUCATIVA EL DORADO,INSTITUCIÓN EDUCATIVA EL DORADO,SEDE PUEBLO SANCHEZ,SEDE PUEBLO SANCHEZ,CAA,CAA,OK
89,246,254,249,87,69,24,EL DORADO,304,EL DORADO,304,INSTITUCION EDUCATIVA EL DORADO,INSTITUCIÓN EDUCATIVA EL DORADO,SEDE PUEBLO SANCHEZ,SEDE PUEBLO SANCHEZ,CAARES,CAARES,OK
90,247,255,250,88,70,24,EL DORADO,304,EL DORADO,304,INSTITUCION EDUCATIVA EL DORADO,INSTITUCIÓN EDUCATIVA EL DORADO,SEDE SAN ISIDRO,SEDE SAN ISIDRO,CAA,CAA,OK
91,248,256,251,89,71,25,FUENTE DE ORO,357,FUENTE DE ORO,357,INSTITUCION EDUCATIVA ANTONIO NARIÑO,INSTITUCIÓN EDUCATIVA ANTONIO NARINO,SEDE ALTAMIRA,SEDE ALTAMIRA,CAJM/JT-RI,CAJM/JT-RI,OK
92,249,257,252,90,72,25,FUENTE DE ORO,357,FUENTE DE ORO,357,INSTITUCION EDUCATIVA ANTONIO NARIÑO,INSTITUCIÓN EDUCATIVA ANTONIO NARINO,SEDE BARRANCO COLORADO,SEDE BARRANCO COLORADO,CAJM/JT-RI,CAJM/JT-RI,OK
93,250,258,253,91,73,25,FUENTE DE ORO,357,FUENTE DE ORO,357,INSTITUCION EDUCATIVA ANTONIO NARIÑO,INSTITUCIÓN EDUCATIVA ANTONIO NARINO,SEDE CAÑO VENADO,SEDE CANO VENADO,CAA,CAA,OK
94,251,259,254,92,74,25,FUENTE DE ORO,357,FUENTE DE ORO,357,INSTITUCION EDUCATIVA ANTONIO NARIÑO,INSTITUCIÓN EDUCATIVA ANTONIO NARINO,SEDE JUAN JOSE RONDON,SEDE JUAN JOSE RONDON,CAJM/JT-RI,CAJM/JT-RI,OK
95,252,260,255,93,75,25,FUENTE DE ORO,357,FUENTE DE ORO,357,INSTITUCION EDUCATIVA ANTONIO NARIÑO,INSTITUCIÓN EDUCATIVA ANTONIO NARINO,SEDE LA COOPERATIVA,SEDE LA COOPERATIVA,CAA,CAA,OK
96,253,261,256,94,76,25,FUENTE DE ORO,357,FUENTE DE ORO,357,INSTITUCION EDUCATIVA ANTONIO NARIÑO,INSTITUCIÓN EDUCATIVA ANTONIO NARINO,SEDE LAS DELICIAS,SEDE LAS DELICIAS,CAJM/JT-RI,CAJM/JT-RI,OK
97,254,262,257,95,77,25,FUENTE DE ORO,357,FUENTE DE ORO,357,INSTITUCION EDUCATIVA ANTONIO NARIÑO,INSTITUCIÓN EDUCATIVA ANTONIO NARINO,SEDE MOGOTES,SEDE MOGOTES,CAJM/JT-RI,CAJM/JT-RI,OK
98,255,263,258,96,78,25,FUENTE DE ORO,357,FUENTE DE ORO,357,INSTITUCION EDUCATIVA ANTONIO NARIÑO,INSTITUCIÓN EDUCATIVA ANTONIO NARINO,SEDE PRINCIPAL ANTONIO NARIÑO,SEDE PRINCIPAL ANTONIO NARINO,CAA,CAA,OK
99,256,264,20,97,78,25,FUENTE DE ORO,357,FUENTE DE ORO,357,INSTITUCION EDUCATIVA ANTONIO NARIÑO,INSTITUCIÓN EDUCATIVA ANTONIO NARINO,SEDE PRINCIPAL ANTONIO NARIÑO,SEDE PRINCIPAL ANTONIO NARINO,CAARES,CAARES,OK
100,257,265,259,98,79,25,FUENTE DE ORO,357,FUENTE DE ORO,357,INSTITUCION EDUCATIVA ANTONIO NARIÑO,INSTITUCIÓN EDUCATIVA ANTONIO NARINO,SEDE RAFAEL POMBO,SEDE RAFAEL POMBO,CAJM/JT-RI,CAJM/JT-RI,OK
101,258,266,260,99,80,25,FUENTE DE ORO,357,FUENTE DE ORO,357,INSTITUCION EDUCATIVA ANTONIO NARIÑO,INSTITUCIÓN EDUCATIVA ANTONIO NARINO,SEDE UNION DEL ARIARI,SEDE UNION DEL ARIARI,CAA,CAA,OK
102,259,267,261,100,81,25,FUENTE DE ORO,357,FUENTE DE ORO,357,INSTITUCION EDUCATIVA ANTONIO NARIÑO,INSTITUCIÓN EDUCATIVA ANTONIO NARINO,SEDE URICACHA,SEDE URICACHA,CAJM/JT-RI,CAJM/JT-RI,OK
103,260,268,262,101,82,25,FUENTE DE ORO,357,FUENTE DE ORO,357,INSTITUCION EDUCATIVA ANTONIO NARIÑO,INSTITUCIÓN EDUCATIVA ANTONIO NARINO,SEDE VILLA RESTREPO,SEDE VILLA RESTREPO,CAJM/JT-RI,CAJM/JT-RI,OK
104,261,269,263,102,83,26,FUENTE DE ORO,357,FUENTE DE ORO,357,INSTITUCION EDUCATIVA EL PROGRESO,INSTITUCIÓN EDUCATIVA EL PROGRESO,SEDE BONANZA,SEDE BONANZA,CAJM/JT-RI,CAJM/JT-RI,OK
105,262,270,264,103,84,26,FUENTE DE ORO,357,FUENTE DE ORO,357,INSTITUCION EDUCATIVA EL PROGRESO,INSTITUCIÓN EDUCATIVA EL PROGRESO,SEDE EL PORVENIR,SEDE EL PORVENIR,CAJM/JT-RI,CAJM/JT-RI,OK
106,263,271,265,104,85,26,FUENTE DE ORO,357,FUENTE DE ORO,357,INSTITUCION EDUCATIVA EL PROGRESO,INSTITUCIÓN EDUCATIVA EL PROGRESO,SEDE LA PRIMAVERA,SEDE LA PRIMAVERA,CAJM/JT-RI,CAJM/JT-RI,OK
107,264,272,266,105,86,26,FUENTE DE ORO,357,FUENTE DE ORO,357,INSTITUCION EDUCATIVA EL PROGRESO,INSTITUCIÓN EDUCATIVA EL PROGRESO,SEDE PRINCIPAL EL PROGRESO,SEDE PRINCIPAL EL PROGRESO,CAJM/JT-RI,CAJM/JT-RI,OK
108,265,273,267,106,86,26,FUENTE DE ORO,357,FUENTE DE ORO,357,INSTITUCION EDUCATIVA EL PROGRESO,INSTITUCIÓN EDUCATIVA EL PROGRESO,SEDE PRINCIPAL EL PROGRESO,SEDE PRINCIPAL EL PROGRESO,CAA,CAA,OK
109,266,274,268,107,87,26,FUENTE DE ORO,357,FUENTE DE ORO,357,INSTITUCION EDUCATIVA EL PROGRESO,INSTITUCIÓN EDUCATIVA EL PROGRESO,SEDE SANTA CECILIA,SEDE SANTA CECILIA,CAJM/JT-RI,CAJM/JT-RI,OK
110,267,275,269,108,88,27,FUENTE DE ORO,357,FUENTE DE ORO,357,INSTITUCION EDUCATIVA SAN ANTONIO DEL ARIARI,INSTITUCIÓN EDUCATIVA SAN ANTONIO DEL ARIARI,SEDE PRINCIPAL SAN ANTONIO DEL ARIARI,SEDE PRINCIPAL SAN ANTONIO DEL ARIARI,CAA,CAA,OK
111,268,276,270,109,89,28,GRANADA,388,GRANADA,388,INSTITUCION EDUCATIVA AGRICOLA LA HOLANDA,INSTITUCIÓN EDUCATIVA AGRICOLA LA HOLANDA,SEDE PRINCIPAL AGRICOLA LA HOLANDA,SEDE PRINCIPAL AGRICOLA LA HOLANDA,CAJM/JT-RI,CAJM/JT-RI,OK
112,269,277,271,110,89,28,GRANADA,388,GRANADA,388,INSTITUCION EDUCATIVA AGRICOLA LA HOLANDA,INSTITUCIÓN EDUCATIVA AGRICOLA LA HOLANDA,SEDE PRINCIPAL AGRICOLA LA HOLANDA,SEDE PRINCIPAL AGRICOLA LA HOLANDA,CAA,CAA,OK
113,270,278,272,111,89,28,GRANADA,388,GRANADA,388,INSTITUCION EDUCATIVA AGRICOLA LA HOLANDA,INSTITUCIÓN EDUCATIVA AGRICOLA LA HOLANDA,SEDE PRINCIPAL AGRICOLA LA HOLANDA,SEDE PRINCIPAL AGRICOLA LA HOLANDA,CAARES,CAARES,OK
114,271,279,273,112,90,29,GRANADA,388,GRANADA,388,INSTITUCION EDUCATIVA BRISAS DE IRIQUE,INSTITUCIÓN EDUCATIVA BRISAS DE IRIQUE,SEDE JORGE SCHACHNER,SEDE JORGE SCHACHNER,CAJM/JT-RI,CAJM/JT-RI,OK
115,272,280,274,113,91,29,GRANADA,388,GRANADA,388,INSTITUCION EDUCATIVA BRISAS DE IRIQUE,INSTITUCIÓN EDUCATIVA BRISAS DE IRIQUE,SEDE PRINCIPAL CANDELARIA AVENDAÑO,SEDE PRINCIPAL CANDELARIA AVENDANO,CAJM/JT-RI,CAJM/JT-RI,OK
116,273,281,275,114,91,29,GRANADA,388,GRANADA,388,INSTITUCION EDUCATIVA BRISAS DE IRIQUE,INSTITUCIÓN EDUCATIVA BRISAS DE IRIQUE,SEDE PRINCIPAL CANDELARIA AVENDAÑO,SEDE PRINCIPAL CANDELARIA AVENDANO,CAJU-RI,CAJU-RI,OK
117,274,282,276,115,91,29,GRANADA,388,GRANADA,388,INSTITUCION EDUCATIVA BRISAS DE IRIQUE,INSTITUCIÓN EDUCATIVA BRISAS DE IRIQUE,SEDE PRINCIPAL CANDELARIA AVENDAÑO,SEDE PRINCIPAL CANDELARIA AVENDANO,CAA-JU,CAA-JU,OK
118,275,283,277,116,92,30,GRANADA,388,GRANADA,388,INSTITUCION EDUCATIVA CAMILO TORRES,INSTITUCIÓN EDUCATIVA CAMILO TORRES,SEDE ALFONSO MONTOYA PAVA,SEDE ALFONSO MONTOYA PAVA,CAJM/JT-RI,CAJM/JT-RI,OK
119,276,284,278,117,93,30,GRANADA,388,GRANADA,388,INSTITUCION EDUCATIVA CAMILO TORRES,INSTITUCIÓN EDUCATIVA CAMILO TORRES,SEDE ANTONIO RICAURTE,SEDE ANTONIO RICAURTE,CAA,CAA,OK
120,277,285,279,118,94,30,GRANADA,388,GRANADA,388,INSTITUCION EDUCATIVA CAMILO TORRES,INSTITUCIÓN EDUCATIVA CAMILO TORRES,SEDE CLUB DE LEONES,SEDE CLUB DE LEONES,CAA,CAA,OK
121,278,286,280,119,95,30,GRANADA,388,GRANADA,388,INSTITUCION EDUCATIVA CAMILO TORRES,INSTITUCIÓN EDUCATIVA CAMILO TORRES,SEDE EL BOSQUE,SEDE EL BOSQUE,CAJM/JT-RI,CAJM/JT-RI,OK
122,279,287,281,120,96,30,GRANADA,388,GRANADA,388,INSTITUCION EDUCATIVA CAMILO TORRES,INSTITUCIÓN EDUCATIVA CAMILO TORRES,SEDE MONTOYITA,SEDE MONTOYITA,CAJM/JT-RI,CAJM/JT-RI,OK
123,280,288,282,121,97,30,GRANADA,388,GRANADA,388,INSTITUCION EDUCATIVA CAMILO TORRES,INSTITUCIÓN EDUCATIVA CAMILO TORRES,SEDE PRINCIPAL CAMILO TORRES,SEDE PRINCIPAL CAMILO TORRES,CAJM/JT-RI,CAJM/JT-RI,OK
124,281,289,283,122,98,31,GRANADA,388,GRANADA,388,INSTITUCION EDUCATIVA DOS QUEBRADAS,INSTITUCIÓN EDUCATIVA DOS QUEBRADAS,SEDE EL CRUCERO,SEDE EL CRUCERO,CAJM/JT-RI,CAJM/JT-RI,OK
125,282,290,284,123,99,31,GRANADA,388,GRANADA,388,INSTITUCION EDUCATIVA DOS QUEBRADAS,INSTITUCIÓN EDUCATIVA DOS QUEBRADAS,SEDE GUANAYITAS,SEDE GUANAYITAS,CAJM/JT-RI,CAJM/JT-RI,OK
126,283,291,285,124,100,31,GRANADA,388,GRANADA,388,INSTITUCION EDUCATIVA DOS QUEBRADAS,INSTITUCIÓN EDUCATIVA DOS QUEBRADAS,SEDE JORGE ELIECER GAITAN,SEDE JORGE ELIECER GAITAN,CAJM/JT-RI,CAJM/JT-RI,OK
127,284,292,286,125,101,31,GRANADA,388,GRANADA,388,INSTITUCION EDUCATIVA DOS QUEBRADAS,INSTITUCIÓN EDUCATIVA DOS QUEBRADAS,SEDE LA RIVERA,SEDE LA RIVERA,CAJM/JT-RI,CAJM/JT-RI,OK
128,285,293,287,126,102,31,GRANADA,388,GRANADA,388,INSTITUCION EDUCATIVA DOS QUEBRADAS,INSTITUCIÓN EDUCATIVA DOS QUEBRADAS,SEDE PRINCIPAL DOS QUEBRADAS,SEDE PRINCIPAL DOS QUEBRADAS,CAA,CAA,OK
129,286,294,288,127,103,31,GRANADA,388,GRANADA,388,INSTITUCION EDUCATIVA DOS QUEBRADAS,INSTITUCIÓN EDUCATIVA DOS QUEBRADAS,SEDE SARDINATA,SEDE SARDINATA,CAJM/JT-RI,CAJM/JT-RI,OK
130,287,295,289,128,104,32,GRANADA,388,GRANADA,388,INSTITUCION EDUCATIVA ESCUELA NORMAL SUPERIOR MARIA AUXILIADORA,INSTITUCIÓN EDUCATIVA ESCUELA NORMAL SUPERIOR MARIA AUXILIADORA,SEDE PRINCIPAL ESCUELA NORMAL SUPERIOR MARIA AUXILIADORA,SEDE PRINCIPAL ESCUELA NORMAL SUPERIOR MARIA AUXILIADORA,CAJM/JT-RI,CAJM/JT-RI,OK
131,288,296,290,129,104,32,GRANADA,388,GRANADA,388,INSTITUCION EDUCATIVA ESCUELA NORMAL SUPERIOR MARIA AUXILIADORA,INSTITUCIÓN EDUCATIVA ESCUELA NORMAL SUPERIOR MARIA AUXILIADORA,SEDE PRINCIPAL ESCUELA NORMAL SUPERIOR MARIA AUXILIADORA,SEDE PRINCIPAL ESCUELA NORMAL SUPERIOR MARIA AUXILIADORA,CAARES,CAARES,OK
132,289,297,291,130,105,33,GRANADA,388,GRANADA,388,INSTITUCION EDUCATIVA GENERAL SANTANDER,INSTITUCIÓN EDUCATIVA GENERAL SANTANDER,SEDE EL AMPARO,SEDE EL AMPARO,CAA,CAA,OK
133,290,298,292,131,106,33,GRANADA,388,GRANADA,388,INSTITUCION EDUCATIVA GENERAL SANTANDER,INSTITUCIÓN EDUCATIVA GENERAL SANTANDER,SEDE PRIMERO DE JUNIO,SEDE PRIMERO DE JUNIO,CAJM/JT-RI,CAJM/JT-RI,OK
134,291,299,293,132,107,33,GRANADA,388,GRANADA,388,INSTITUCION EDUCATIVA GENERAL SANTANDER,INSTITUCIÓN EDUCATIVA GENERAL SANTANDER,SEDE PRINCIPAL GENERAL SANTANDER,SEDE PRINCIPAL GENERAL SANTANDER,CAJM/JT-RI,CAJM/JT-RI,OK
135,292,300,294,133,108,34,GRANADA,388,GRANADA,388,INSTITUCION EDUCATIVA JOSE ANTONIO GALAN,INSTITUCIÓN EDUCATIVA JOSE ANTONIO GALAN,SEDE ANTONIO JOSE DE SUCRE,SEDE ANTONIO JOSE DE SUCRE,CAJM/JT-RI,CAJM/JT-RI,OK
136,293,301,295,134,109,34,GRANADA,388,GRANADA,388,INSTITUCION EDUCATIVA JOSE ANTONIO GALAN,INSTITUCIÓN EDUCATIVA JOSE ANTONIO GALAN,SEDE EL GUAPE,SEDE EL GUAPE,CAJM/JT-RI,CAJM/JT-RI,OK
137,294,302,296,135,110,34,GRANADA,388,GRANADA,388,INSTITUCION EDUCATIVA JOSE ANTONIO GALAN,INSTITUCIÓN EDUCATIVA JOSE ANTONIO GALAN,SEDE FLORIDA BAJA,SEDE FLORIDA BAJA,CAJM/JT-RI,CAJM/JT-RI,OK
138,295,303,297,136,111,34,GRANADA,388,GRANADA,388,INSTITUCION EDUCATIVA JOSE ANTONIO GALAN,INSTITUCIÓN EDUCATIVA JOSE ANTONIO GALAN,SEDE JUAN XXIII,SEDE JUAN XXIII,CAA,CAA,OK
139,296,304,298,137,112,34,GRANADA,388,GRANADA,388,INSTITUCION EDUCATIVA JOSE ANTONIO GALAN,INSTITUCIÓN EDUCATIVA JOSE ANTONIO GALAN,SEDE LA MARIELA,SEDE LA MARIELA,CAJM/JT-RI,CAJM/JT-RI,OK
140,297,305,299,138,113,34,GRANADA,388,GRANADA,388,INSTITUCION EDUCATIVA JOSE ANTONIO GALAN,INSTITUCIÓN EDUCATIVA JOSE ANTONIO GALAN,SEDE LA PALMILLA,SEDE LA PALMILLA,CAJM/JT-RI,CAJM/JT-RI,OK
141,298,306,300,139,114,34,GRANADA,388,GRANADA,388,INSTITUCION EDUCATIVA JOSE ANTONIO GALAN,INSTITUCIÓN EDUCATIVA JOSE ANTONIO GALAN,SEDE PRINCIPAL JOSE ANTONIO GALAN,SEDE PRINCIPAL JOSE ANTONIO GALAN,CAA,CAA,OK
142,299,307,301,140,115,35,GRANADA,388,GRANADA,388,INSTITUCION EDUCATIVA LUIS CARLOS GALAN SARMIENTO,INSTITUCIÓN EDUCATIVA LUIS CARLOS GALAN SARMIENTO,SEDE EL PORVENIR,SEDE EL PORVENIR,CAJM/JT-RI,CAJM/JT-RI,OK
143,300,308,302,141,116,35,GRANADA,388,GRANADA,388,INSTITUCION EDUCATIVA LUIS CARLOS GALAN SARMIENTO,INSTITUCIÓN EDUCATIVA LUIS CARLOS GALAN SARMIENTO,SEDE JORGE ELIECER GAITAN,SEDE JORGE ELIECER GAITAN,CAJM/JT-RI,CAJM/JT-RI,OK
144,301,309,303,142,117,35,GRANADA,388,GRANADA,388,INSTITUCION EDUCATIVA LUIS CARLOS GALAN SARMIENTO,INSTITUCIÓN EDUCATIVA LUIS CARLOS GALAN SARMIENTO,SEDE PRINCIPAL LUIS CARLOS GALAN SARMIENTO,SEDE PRINCIPAL LUIS CARLOS GALAN SARMIENTO,CAJM/JT-RI,CAJM/JT-RI,OK
145,302,310,304,143,118,35,GRANADA,388,GRANADA,388,INSTITUCION EDUCATIVA LUIS CARLOS GALAN SARMIENTO,INSTITUCIÓN EDUCATIVA LUIS CARLOS GALAN SARMIENTO,SEDE VILLA UNION,SEDE VILLA UNION,CAJM/JT-RI,CAJM/JT-RI,OK
146,303,311,305,144,119,36,GRANADA,388,GRANADA,388,INSTITUCION EDUCATIVA SANTA MARIA MAZZARELLO,INSTITUCIÓN EDUCATIVA SANTA MARIA MAZZARELLO,SEDE PRINCIPAL SANTA MARIA MAZZARELLO,SEDE PRINCIPAL SANTA MARIA MAZZARELLO,CAJM/JT-RI,CAJM/JT-RI,OK
147,304,312,306,145,119,36,GRANADA,388,GRANADA,388,INSTITUCION EDUCATIVA SANTA MARIA MAZZARELLO,INSTITUCIÓN EDUCATIVA SANTA MARIA MAZZARELLO,SEDE PRINCIPAL SANTA MARIA MAZZARELLO,SEDE PRINCIPAL SANTA MARIA MAZZARELLO,CAA,CAA,OK
148,305,313,307,146,119,36,GRANADA,388,GRANADA,388,INSTITUCION EDUCATIVA SANTA MARIA MAZZARELLO,INSTITUCIÓN EDUCATIVA SANTA MARIA MAZZARELLO,SEDE PRINCIPAL SANTA MARIA MAZZARELLO,SEDE PRINCIPAL SANTA MARIA MAZZARELLO,CAARES,CAARES,OK
149,306,314,308,147,120,37,GRANADA,388,GRANADA,388,INSTITUCION EDUCATIVA VALENTIN GARCIA,INSTITUCIÓN EDUCATIVA VALENTIN GARCIA,SEDE MAKATOA,SEDE MAKATOA,CAA,CAA,OK
150,307,315,309,148,121,37,GRANADA,388,GRANADA,388,INSTITUCION EDUCATIVA VALENTIN GARCIA,INSTITUCIÓN EDUCATIVA VALENTIN GARCIA,SEDE PRINCIPAL VALENTIN GARCIA,SEDE PRINCIPAL VALENTIN GARCIA,CAJM/JT-RI,CAJM/JT-RI,OK
151,308,316,21,149,122,38,GUAMAL,403,GUAMAL,403,INSTITUCION EDUCATIVA JOSE MARIA CORDOBA,INSTITUCIÓN EDUCATIVA JOSE MARIA CORDOBA,SEDE PRINCIPAL JOSE MARIA CORDOBA,SEDE PRINCIPAL JOSE MARIA CORDOBA,CAJM/JT-RI,CAJM/JT-RI,OK
152,309,317,310,150,123,39,LA MACARENA,477,LA MACARENA,477,INSTITUCIÓN EDUCATIVA BOCAS DEL PERDIDO,INSTITUCIÓN EDUCATIVA BOCAS DEL PERDIDO,SEDE LOS LAURELES,SEDE LOS LAURELES,CAJM/JT-RI,CAJM/JT-RI,OK
153,310,318,311,151,124,39,LA MACARENA,477,LA MACARENA,477,INSTITUCIÓN EDUCATIVA BOCAS DEL PERDIDO,INSTITUCIÓN EDUCATIVA BOCAS DEL PERDIDO,SEDE ALTO LOZADA,SEDE ALTO LOZADA,CAJM/JT-RI,CAJM/JT-RI,OK
154,311,319,312,152,125,39,LA MACARENA,477,LA MACARENA,477,INSTITUCIÓN EDUCATIVA BOCAS DEL PERDIDO,INSTITUCIÓN EDUCATIVA BOCAS DEL PERDIDO,SEDE PRINCIPAL BOCAS DEL PERDIDO,SEDE PRINCIPAL BOCAS DEL PERDIDO,CAJM/JT-RI,CAJM/JT-RI,OK
155,312,320,313,153,126,39,LA MACARENA,477,LA MACARENA,477,INSTITUCIÓN EDUCATIVA BOCAS DEL PERDIDO,INSTITUCIÓN EDUCATIVA BOCAS DEL PERDIDO,SEDE CAÑO JAIME,SEDE CANO JAIME,CAJM/JT-RI,CAJM/JT-RI,OK
156,313,321,314,154,127,39,LA MACARENA,477,LA MACARENA,477,INSTITUCIÓN EDUCATIVA BOCAS DEL PERDIDO,INSTITUCIÓN EDUCATIVA BOCAS DEL PERDIDO,SEDE  AGUA BONITA,SEDE AGUA BONITA,CAJM/JT-RI,CAJM/JT-RI,OK
157,314,322,315,155,128,39,LA MACARENA,477,LA MACARENA,477,INSTITUCIÓN EDUCATIVA BOCAS DEL PERDIDO,INSTITUCIÓN EDUCATIVA BOCAS DEL PERDIDO,SEDE BRISAS DEL LOZADA,SEDE BRISAS DEL LOZADA,CAA,CAA,OK
158,315,323,316,156,129,39,LA MACARENA,477,LA MACARENA,477,INSTITUCIÓN EDUCATIVA BOCAS DEL PERDIDO,INSTITUCIÓN EDUCATIVA BOCAS DEL PERDIDO,SEDE EL CAIMAN,SEDE EL CAIMAN,CAJM/JT-RI,CAJM/JT-RI,OK
159,316,324,317,157,130,39,LA MACARENA,477,LA MACARENA,477,INSTITUCIÓN EDUCATIVA BOCAS DEL PERDIDO,INSTITUCIÓN EDUCATIVA BOCAS DEL PERDIDO,SEDE EL PARAISO,SEDE EL PARAISO,CAJM/JT-RI,CAJM/JT-RI,OK
160,317,325,318,158,131,39,LA MACARENA,477,LA MACARENA,477,INSTITUCIÓN EDUCATIVA BOCAS DEL PERDIDO,INSTITUCIÓN EDUCATIVA BOCAS DEL PERDIDO,SEDE EL PROGRESO,SEDE EL PROGRESO,CAJM/JT-RI,CAJM/JT-RI,OK
161,318,326,319,159,132,39,LA MACARENA,477,LA MACARENA,477,INSTITUCIÓN EDUCATIVA BOCAS DEL PERDIDO,INSTITUCIÓN EDUCATIVA BOCAS DEL PERDIDO,SEDE EL TURPIAL,SEDE EL TURPIAL,CAJM/JT-RI,CAJM/JT-RI,OK
162,319,327,320,160,133,39,LA MACARENA,477,LA MACARENA,477,INSTITUCIÓN EDUCATIVA BOCAS DEL PERDIDO,INSTITUCIÓN EDUCATIVA BOCAS DEL PERDIDO,SEDE FRANCISCO JOSE DE CALDAS,SEDE FRANCISCO JOSE DE CALDAS,CAJM/JT-RI,CAJM/JT-RI,OK
163,320,328,321,161,134,39,LA MACARENA,477,LA MACARENA,477,INSTITUCIÓN EDUCATIVA BOCAS DEL PERDIDO,INSTITUCIÓN EDUCATIVA BOCAS DEL PERDIDO,SEDE LOS ANDES,SEDE LOS ANDES,CAJM/JT-RI,CAJM/JT-RI,OK
164,321,329,322,162,135,39,LA MACARENA,477,LA MACARENA,477,INSTITUCIÓN EDUCATIVA BOCAS DEL PERDIDO,INSTITUCIÓN EDUCATIVA BOCAS DEL PERDIDO,SEDE MEDIO LOZADA,SEDE MEDIO LOZADA,CAA,CAA,OK
165,322,330,323,163,136,40,LA MACARENA,477,LA MACARENA,477,INSTITUCIÓN EDUCATIVA EL RUBI,INSTITUCIÓN EDUCATIVA EL RUBI,SEDE PRINCIPAL EL RUBI,SEDE PRINCIPAL EL RUBI,CAA,CAA,OK
166,323,331,324,164,136,40,LA MACARENA,477,LA MACARENA,477,INSTITUCIÓN EDUCATIVA EL RUBI,INSTITUCIÓN EDUCATIVA EL RUBI,SEDE PRINCIPAL EL RUBI,SEDE PRINCIPAL EL RUBI,CAARES,CAARES,OK
167,324,332,325,165,137,40,LA MACARENA,477,LA MACARENA,477,INSTITUCIÓN EDUCATIVA EL RUBI,INSTITUCIÓN EDUCATIVA EL RUBI,SEDE AIRES DEL META,SEDE AIRES DEL META,CAJM/JT-RI,CAJM/JT-RI,OK
168,325,333,326,166,138,40,LA MACARENA,477,LA MACARENA,477,INSTITUCIÓN EDUCATIVA EL RUBI,INSTITUCIÓN EDUCATIVA EL RUBI,SEDE EL TOPACIO II,SEDE EL TOPACIO II,CAJM/JT-RI,CAJM/JT-RI,OK
169,326,334,327,167,139,40,LA MACARENA,477,LA MACARENA,477,INSTITUCIÓN EDUCATIVA EL RUBI,INSTITUCIÓN EDUCATIVA EL RUBI,SEDE JORDANIA,SEDE JORDANIA,CAJM/JT-RI,CAJM/JT-RI,OK
170,327,335,328,168,140,40,LA MACARENA,477,LA MACARENA,477,INSTITUCIÓN EDUCATIVA EL RUBI,INSTITUCIÓN EDUCATIVA EL RUBI,SEDE LA DORADA,SEDE LA DORADA,CAJM/JT-RI,CAJM/JT-RI,OK
171,328,336,329,169,141,40,LA MACARENA,477,LA MACARENA,477,INSTITUCIÓN EDUCATIVA EL RUBI,INSTITUCIÓN EDUCATIVA EL RUBI,SEDE LA Y DEL GUAYABERO,SEDE LA Y DEL GUAYABERO,CAJM/JT-RI,CAJM/JT-RI,OK
172,329,337,330,170,142,40,LA MACARENA,477,LA MACARENA,477,INSTITUCIÓN EDUCATIVA EL RUBI,INSTITUCIÓN EDUCATIVA EL RUBI,SEDE LAS GAVIOTAS,SEDE LAS GAVIOTAS,CAJM/JT-RI,CAJM/JT-RI,OK
173,330,338,331,171,143,40,LA MACARENA,477,LA MACARENA,477,INSTITUCIÓN EDUCATIVA EL RUBI,INSTITUCIÓN EDUCATIVA EL RUBI,SEDE MANZANARES,SEDE MANZANARES,CAJM/JT-RI,CAJM/JT-RI,OK
174,331,339,332,172,144,40,LA MACARENA,477,LA MACARENA,477,INSTITUCIÓN EDUCATIVA EL RUBI,INSTITUCIÓN EDUCATIVA EL RUBI,SEDE PORTUGAL,SEDE PORTUGAL,CAJM/JT-RI,CAJM/JT-RI,OK
175,332,340,333,173,145,40,LA MACARENA,477,LA MACARENA,477,INSTITUCIÓN EDUCATIVA EL RUBI,INSTITUCIÓN EDUCATIVA EL RUBI,SEDE RUBITORIA,SEDE RUBITORIA,CAJM/JT-RI,CAJM/JT-RI,OK
176,333,341,334,174,146,40,LA MACARENA,477,LA MACARENA,477,INSTITUCIÓN EDUCATIVA EL RUBI,INSTITUCIÓN EDUCATIVA EL RUBI,SEDE VEGAS DEL GUAYABERO,SEDE VEGAS DEL GUAYABERO,CAJM/JT-RI,CAJM/JT-RI,OK
177,334,342,335,175,147,40,LA MACARENA,477,LA MACARENA,477,INSTITUCIÓN EDUCATIVA EL RUBI,INSTITUCIÓN EDUCATIVA EL RUBI,SEDE VERSALLES,SEDE VERSALLES,CAJM/JT-RI,CAJM/JT-RI,OK
178,335,343,336,176,148,40,LA MACARENA,477,LA MACARENA,477,INSTITUCIÓN EDUCATIVA EL RUBI,INSTITUCIÓN EDUCATIVA EL RUBI,SEDE VILLANUEVA,SEDE VILLANUEVA,CAJM/JT-RI,CAJM/JT-RI,OK
179,336,344,337,177,149,40,LA MACARENA,477,LA MACARENA,477,INSTITUCIÓN EDUCATIVA EL RUBI,INSTITUCIÓN EDUCATIVA EL RUBI,SEDE MIRAVALLE,SEDE MIRAVALLE,CAJM/JT-RI,CAJM/JT-RI,OK
180,337,345,338,178,150,40,LA MACARENA,477,LA MACARENA,477,INSTITUCIÓN EDUCATIVA EL RUBI,INSTITUCIÓN EDUCATIVA EL RUBI,SEDE AIRES DEL DIAMANTE,SEDE AIRES DEL DIAMANTE,CAJM/JT-RI,CAJM/JT-RI,OK
181,338,346,339,179,151,40,LA MACARENA,477,LA MACARENA,477,INSTITUCIÓN EDUCATIVA EL RUBI,INSTITUCIÓN EDUCATIVA EL RUBI,SEDE NAPOLES,SEDE NAPOLES,CAJM/JT-RI,CAJM/JT-RI,OK
182,339,347,340,180,152,40,LA MACARENA,477,LA MACARENA,477,INSTITUCIÓN EDUCATIVA EL RUBI,INSTITUCIÓN EDUCATIVA EL RUBI,SEDE BRISAS DEL YAMU,SEDE BRISAS DEL YAMU,CAJM/JT-RI,CAJM/JT-RI,OK
183,340,348,341,181,153,40,LA MACARENA,477,LA MACARENA,477,INSTITUCIÓN EDUCATIVA EL RUBI,INSTITUCIÓN EDUCATIVA EL RUBI,SEDE EL EDREY,SEDE EL EDREY,CAJM/JT-RI,CAJM/JT-RI,OK
184,341,349,342,182,154,40,LA MACARENA,477,LA MACARENA,477,INSTITUCIÓN EDUCATIVA EL RUBI,INSTITUCIÓN EDUCATIVA EL RUBI,SEDE PALESTINA,SEDE PALESTINA,CAJM/JT-RI,CAJM/JT-RI,OK
185,342,350,343,183,155,41,LA MACARENA,477,LA MACARENA,477,CENTRO EDUCATIVO LA CATALINA,CENTRO EDUCATIVO LA CATALINA,SEDE PRINCIPAL LA CATALINA,SEDE PRINCIPAL LA CATALINA,CAA,CAA,OK
186,343,351,344,184,155,41,LA MACARENA,477,LA MACARENA,477,CENTRO EDUCATIVO LA CATALINA,CENTRO EDUCATIVO LA CATALINA,SEDE PRINCIPAL LA CATALINA,SEDE PRINCIPAL LA CATALINA,CAARES,CAARES,OK
187,344,352,345,185,156,41,LA MACARENA,477,LA MACARENA,477,CENTRO EDUCATIVO LA CATALINA,CENTRO EDUCATIVO LA CATALINA,SEDE JOSE FIGUEROA GOMEZ,SEDE JOSE FIGUEROA GOMEZ,CAJM/JT-RI,CAJM/JT-RI,OK
188,345,353,346,186,157,41,LA MACARENA,477,LA MACARENA,477,CENTRO EDUCATIVO LA CATALINA,CENTRO EDUCATIVO LA CATALINA,SEDE EL JARDIN,SEDE EL JARDIN,CAJM/JT-RI,CAJM/JT-RI,OK
189,346,354,347,187,158,41,LA MACARENA,477,LA MACARENA,477,CENTRO EDUCATIVO LA CATALINA,CENTRO EDUCATIVO LA CATALINA,SEDE EL MIRADOR,SEDE EL MIRADOR,CAJM/JT-RI,CAJM/JT-RI,OK
190,347,355,348,188,159,41,LA MACARENA,477,LA MACARENA,477,CENTRO EDUCATIVO LA CATALINA,CENTRO EDUCATIVO LA CATALINA,SEDE HENRY GARCIA BOHORQUEZ,SEDE HENRY GARCIA BOHORQUEZ,CAJM/JT-RI,CAJM/JT-RI,OK
191,348,356,349,189,160,41,LA MACARENA,477,LA MACARENA,477,CENTRO EDUCATIVO LA CATALINA,CENTRO EDUCATIVO LA CATALINA,SEDE LA ESMERALDA,SEDE LA ESMERALDA,CAA,CAA,OK
192,349,357,350,190,161,41,LA MACARENA,477,LA MACARENA,477,CENTRO EDUCATIVO LA CATALINA,CENTRO EDUCATIVO LA CATALINA,SEDE LA REFORMA,SEDE LA REFORMA,CAJM/JT-RI,CAJM/JT-RI,OK
193,350,358,351,191,162,41,LA MACARENA,477,LA MACARENA,477,CENTRO EDUCATIVO LA CATALINA,CENTRO EDUCATIVO LA CATALINA,SEDE LA UNION,SEDE LA UNION,CAJM/JT-RI,CAJM/JT-RI,OK
194,351,359,352,192,163,41,LA MACARENA,477,LA MACARENA,477,CENTRO EDUCATIVO LA CATALINA,CENTRO EDUCATIVO LA CATALINA,SEDE MIRAFLORES,SEDE MIRAFLORES,CAJM/JT-RI,CAJM/JT-RI,OK
195,352,360,353,193,164,41,LA MACARENA,477,LA MACARENA,477,CENTRO EDUCATIVO LA CATALINA,CENTRO EDUCATIVO LA CATALINA,SEDE SAN JOSE,SEDE SAN JOSE,CAA,CAA,OK
196,353,361,354,194,165,41,LA MACARENA,477,LA MACARENA,477,CENTRO EDUCATIVO LA CATALINA,CENTRO EDUCATIVO LA CATALINA,SEDE SANTA MARIA,SEDE SANTA MARIA,CAA,CAA,OK
197,354,362,355,195,166,41,LA MACARENA,477,LA MACARENA,477,CENTRO EDUCATIVO LA CATALINA,CENTRO EDUCATIVO LA CATALINA,SEDE TRES CHORROS,SEDE TRES CHORROS,CAJM/JT-RI,CAJM/JT-RI,OK
198,355,363,356,196,167,42,LA MACARENA,477,LA MACARENA,477,CENTRO EDUCATIVO LAS BRISAS,CENTRO EDUCATIVO LAS BRISAS,SEDE EL RECREO,SEDE EL RECREO,CAA,CAA,OK
199,356,364,357,197,167,42,LA MACARENA,477,LA MACARENA,477,CENTRO EDUCATIVO LAS BRISAS,CENTRO EDUCATIVO LAS BRISAS,SEDE EL RECREO,SEDE EL RECREO,CAARES,CAARES,OK
200,357,365,358,198,168,42,LA MACARENA,477,LA MACARENA,477,CENTRO EDUCATIVO LAS BRISAS,CENTRO EDUCATIVO LAS BRISAS,SEDE PRINCIPAL LAS BRISAS,SEDE PRINCIPAL LAS BRISAS,CAA,CAA,OK
201,358,366,359,199,168,42,LA MACARENA,477,LA MACARENA,477,CENTRO EDUCATIVO LAS BRISAS,CENTRO EDUCATIVO LAS BRISAS,SEDE PRINCIPAL LAS BRISAS,SEDE PRINCIPAL LAS BRISAS,CAARES,CAARES,OK
202,359,367,360,200,169,42,LA MACARENA,477,LA MACARENA,477,CENTRO EDUCATIVO LAS BRISAS,CENTRO EDUCATIVO LAS BRISAS,SEDE AGUAS CLARAS,SEDE AGUAS CLARAS,CAJM/JT-RI,CAJM/JT-RI,OK
203,360,368,361,201,170,42,LA MACARENA,477,LA MACARENA,477,CENTRO EDUCATIVO LAS BRISAS,CENTRO EDUCATIVO LAS BRISAS,SEDE BAJO RECREO,SEDE BAJO RECREO,CAJM/JT-RI,CAJM/JT-RI,OK
204,361,369,362,202,171,42,LA MACARENA,477,LA MACARENA,477,CENTRO EDUCATIVO LAS BRISAS,CENTRO EDUCATIVO LAS BRISAS,SEDE CALIFORNIA,SEDE CALIFORNIA,CAJM/JT-RI,CAJM/JT-RI,OK
205,362,370,363,203,172,42,LA MACARENA,477,LA MACARENA,477,CENTRO EDUCATIVO LAS BRISAS,CENTRO EDUCATIVO LAS BRISAS,SEDE EL TRIUNFO,SEDE EL TRIUNFO,CAJM/JT-RI,CAJM/JT-RI,OK
206,363,371,364,204,173,42,LA MACARENA,477,LA MACARENA,477,CENTRO EDUCATIVO LAS BRISAS,CENTRO EDUCATIVO LAS BRISAS,SEDE EL YARI,SEDE EL YARI,CAJM/JT-RI,CAJM/JT-RI,OK
207,364,372,365,205,174,42,LA MACARENA,477,LA MACARENA,477,CENTRO EDUCATIVO LAS BRISAS,CENTRO EDUCATIVO LAS BRISAS,SEDE GETZEMANI,SEDE GETZEMANI,CAJM/JT-RI,CAJM/JT-RI,OK
208,365,373,366,206,175,42,LA MACARENA,477,LA MACARENA,477,CENTRO EDUCATIVO LAS BRISAS,CENTRO EDUCATIVO LAS BRISAS,SEDE ISLENA HERRERA,SEDE ISLENA HERRERA,CAJM/JT-RI,CAJM/JT-RI,OK
209,366,374,367,207,176,42,LA MACARENA,477,LA MACARENA,477,CENTRO EDUCATIVO LAS BRISAS,CENTRO EDUCATIVO LAS BRISAS,SEDE LA CABAÑA,SEDE LA CABANA,CAJM/JT-RI,CAJM/JT-RI,OK
210,367,375,368,208,177,42,LA MACARENA,477,LA MACARENA,477,CENTRO EDUCATIVO LAS BRISAS,CENTRO EDUCATIVO LAS BRISAS,SEDE LA ILUSION,SEDE LA ILUSION,CAJM/JT-RI,CAJM/JT-RI,OK
211,368,376,369,209,178,42,LA MACARENA,477,LA MACARENA,477,CENTRO EDUCATIVO LAS BRISAS,CENTRO EDUCATIVO LAS BRISAS,SEDE LA PALESTINA,SEDE LA PALESTINA,CAJM/JT-RI,CAJM/JT-RI,OK
212,369,377,370,210,179,42,LA MACARENA,477,LA MACARENA,477,CENTRO EDUCATIVO LAS BRISAS,CENTRO EDUCATIVO LAS BRISAS,SEDE LA TUNIA,SEDE LA TUNIA,CAJM/JT-RI,CAJM/JT-RI,OK
213,370,378,371,211,180,42,LA MACARENA,477,LA MACARENA,477,CENTRO EDUCATIVO LAS BRISAS,CENTRO EDUCATIVO LAS BRISAS,SEDE MONTAÑITAS,SEDE MONTANITAS,CAJM/JT-RI,CAJM/JT-RI,OK
214,371,379,372,212,181,42,LA MACARENA,477,LA MACARENA,477,CENTRO EDUCATIVO LAS BRISAS,CENTRO EDUCATIVO LAS BRISAS,SEDE SANTA MARTHA,SEDE SANTA MARTHA,CAA,CAA,OK
215,372,380,373,213,182,42,LA MACARENA,477,LA MACARENA,477,CENTRO EDUCATIVO LAS BRISAS,CENTRO EDUCATIVO LAS BRISAS,SEDE TELECOM,SEDE TELECOM,CAJM/JT-RI,CAJM/JT-RI,OK
216,373,381,374,214,183,42,LA MACARENA,477,LA MACARENA,477,CENTRO EDUCATIVO LAS BRISAS,CENTRO EDUCATIVO LAS BRISAS,SAN JOSE DE CAQUETANIA II,SAN JOSE DE CAQUETANIA II,CAJM/JT-RI,CAJM/JT-RI,OK
217,374,382,375,215,184,42,LA MACARENA,477,LA MACARENA,477,CENTRO EDUCATIVO LAS BRISAS,CENTRO EDUCATIVO LAS BRISAS,SEDE YAGUARA II,SEDE YAGUARA II,CAA,CAA,OK
218,375,383,376,216,185,43,LA MACARENA,477,LA MACARENA,477,INSTITUCIÓN EDUCATIVA TERCER MILENIO,INSTITUCIÓN EDUCATIVA TERCER MILENIO,SEDE BUENOS AIRES III,SEDE BUENOS AIRES III,CAJM/JT-RI,CAJM/JT-RI,OK
219,376,384,377,217,186,43,LA MACARENA,477,LA MACARENA,477,INSTITUCIÓN EDUCATIVA TERCER MILENIO,INSTITUCIÓN EDUCATIVA TERCER MILENIO,SEDE EL PORVENIR,SEDE EL PORVENIR,CAJM/JT-RI,CAJM/JT-RI,OK
220,377,385,378,218,187,43,LA MACARENA,477,LA MACARENA,477,INSTITUCIÓN EDUCATIVA TERCER MILENIO,INSTITUCIÓN EDUCATIVA TERCER MILENIO,SEDE LA BATALLA,SEDE LA BATALLA,CAJM/JT-RI,CAJM/JT-RI,OK
221,378,386,379,219,188,43,LA MACARENA,477,LA MACARENA,477,INSTITUCIÓN EDUCATIVA TERCER MILENIO,INSTITUCIÓN EDUCATIVA TERCER MILENIO,SEDE LA BATALLA II,SEDE LA BATALLA II,CAA,CAA,OK
222,379,387,380,220,189,43,LA MACARENA,477,LA MACARENA,477,INSTITUCIÓN EDUCATIVA TERCER MILENIO,INSTITUCIÓN EDUCATIVA TERCER MILENIO,SEDE LA SERRANIA,SEDE LA SERRANIA,CAJM/JT-RI,CAJM/JT-RI,OK
223,380,388,381,221,190,43,LA MACARENA,477,LA MACARENA,477,INSTITUCIÓN EDUCATIVA TERCER MILENIO,INSTITUCIÓN EDUCATIVA TERCER MILENIO,SEDE LA SOMBRA,SEDE LA SOMBRA,CAA,CAA,OK
224,381,389,382,222,191,43,LA MACARENA,477,LA MACARENA,477,INSTITUCIÓN EDUCATIVA TERCER MILENIO,INSTITUCIÓN EDUCATIVA TERCER MILENIO,SEDE LAS NIEVES,SEDE LAS NIEVES,CAJM/JT-RI,CAJM/JT-RI,OK
225,382,390,383,223,192,43,LA MACARENA,477,LA MACARENA,477,INSTITUCIÓN EDUCATIVA TERCER MILENIO,INSTITUCIÓN EDUCATIVA TERCER MILENIO,SEDE NAPOLES,SEDE NAPOLES,CAJM/JT-RI,CAJM/JT-RI,OK
226,383,391,384,224,193,43,LA MACARENA,477,LA MACARENA,477,INSTITUCIÓN EDUCATIVA TERCER MILENIO,INSTITUCIÓN EDUCATIVA TERCER MILENIO,SEDE POTRAS QUEBRADON,SEDE POTRAS QUEBRADON,CAA,CAA,OK
227,384,392,385,225,194,43,LA MACARENA,477,LA MACARENA,477,INSTITUCIÓN EDUCATIVA TERCER MILENIO,INSTITUCIÓN EDUCATIVA TERCER MILENIO,SEDE PRINCIPAL PLAYA RICA,SEDE PRINCIPAL PLAYA RICA,CAA,CAA,OK
228,385,393,386,226,195,43,LA MACARENA,477,LA MACARENA,477,INSTITUCIÓN EDUCATIVA TERCER MILENIO,INSTITUCIÓN EDUCATIVA TERCER MILENIO,SEDE PUERTA AL YARI,SEDE PUERTA AL YARI,CAA,CAA,OK
229,386,394,387,227,196,44,LA MACARENA,477,LA MACARENA,477,IE NUESTRA SEÑORA DE LA MACARENA,INSTITUCIÓN EDUCATIVA NUESTRA SENORA DE LA MACARENA,SEDE ALTO RAUDAL,SEDE ALTO RAUDAL,CAA,CAA,OK
230,387,395,388,228,197,44,LA MACARENA,477,LA MACARENA,477,IE NUESTRA SEÑORA DE LA MACARENA,INSTITUCIÓN EDUCATIVA NUESTRA SENORA DE LA MACARENA,SEDE EL BILLAR,SEDE EL BILLAR,CAA,CAA,OK
231,388,396,389,229,198,44,LA MACARENA,477,LA MACARENA,477,IE NUESTRA SEÑORA DE LA MACARENA,INSTITUCIÓN EDUCATIVA NUESTRA SENORA DE LA MACARENA,SEDE EL TAPIR,SEDE EL TAPIR,CAA,CAA,OK
232,389,397,390,230,198,44,LA MACARENA,477,LA MACARENA,477,IE NUESTRA SEÑORA DE LA MACARENA,INSTITUCIÓN EDUCATIVA NUESTRA SENORA DE LA MACARENA,SEDE EL TAPIR,SEDE EL TAPIR,CAARES,CAARES,OK
233,390,398,391,231,199,44,LA MACARENA,477,LA MACARENA,477,IE NUESTRA SEÑORA DE LA MACARENA,INSTITUCIÓN EDUCATIVA NUESTRA SENORA DE LA MACARENA,SEDE JHON F. KENNEDY,SEDE JHON F KENNEDY,CAA,CAA,OK
234,391,399,392,232,200,44,LA MACARENA,477,LA MACARENA,477,IE NUESTRA SEÑORA DE LA MACARENA,INSTITUCIÓN EDUCATIVA NUESTRA SENORA DE LA MACARENA,SEDE PRINCIPAL NUESTRA SEÑORA DE LA MACARENA,SEDE PRINCIPAL NUESTRA SENORA DE LA MACARENA,CAA,CAA,OK
235,392,400,393,233,200,44,LA MACARENA,477,LA MACARENA,477,IE NUESTRA SEÑORA DE LA MACARENA,INSTITUCIÓN EDUCATIVA NUESTRA SENORA DE LA MACARENA,SEDE PRINCIPAL NUESTRA SEÑORA DE LA MACARENA,SEDE PRINCIPAL NUESTRA SENORA DE LA MACARENA,CAJU-RI,CAJU-RI,OK
236,393,401,22,234,200,44,LA MACARENA,477,LA MACARENA,477,IE NUESTRA SEÑORA DE LA MACARENA,INSTITUCIÓN EDUCATIVA NUESTRA SENORA DE LA MACARENA,SEDE PRINCIPAL NUESTRA SEÑORA DE LA MACARENA,SEDE PRINCIPAL NUESTRA SENORA DE LA MACARENA,CAA-JU,CAA-JU,OK
237,394,402,394,235,200,44,LA MACARENA,477,LA MACARENA,477,IE NUESTRA SEÑORA DE LA MACARENA,INSTITUCIÓN EDUCATIVA NUESTRA SENORA DE LA MACARENA,SEDE PRINCIPAL NUESTRA SEÑORA DE LA MACARENA,SEDE PRINCIPAL NUESTRA SENORA DE LA MACARENA,CAARES,CAARES,OK
238,395,403,23,236,201,45,LA MACARENA,477,LA MACARENA,477,INSTITUCION EDUCATIVA HECTOR IVAN HERNANDEZ,INSTITUCIÓN EDUCATIVA HECTOR IVAN HERNANDEZ,SEDE BOCANA CAÑO GRINGO,SEDE BOCANA CANO GRINGO,CAJM/JT-RI,CAJM/JT-RI,OK
239,396,404,395,237,202,45,LA MACARENA,477,LA MACARENA,477,INSTITUCION EDUCATIVA HECTOR IVAN HERNANDEZ,INSTITUCIÓN EDUCATIVA HECTOR IVAN HERNANDEZ,SEDE BRISAS DEL GRINGO,SEDE BRISAS DEL GRINGO,CAJM/JT-RI,CAJM/JT-RI,OK
240,397,405,396,238,203,45,LA MACARENA,477,LA MACARENA,477,INSTITUCION EDUCATIVA HECTOR IVAN HERNANDEZ,INSTITUCIÓN EDUCATIVA HECTOR IVAN HERNANDEZ,SEDE CAÑO LIMON,SEDE CANO LIMON,CAJM/JT-RI,CAJM/JT-RI,OK
241,398,406,397,239,204,45,LA MACARENA,477,LA MACARENA,477,INSTITUCION EDUCATIVA HECTOR IVAN HERNANDEZ,INSTITUCIÓN EDUCATIVA HECTOR IVAN HERNANDEZ,SEDE CENTRAL CAÑO GRINGO,SEDE CENTRAL CANO GRINGO,CAJM/JT-RI,CAJM/JT-RI,OK
242,399,407,398,240,205,45,LA MACARENA,477,LA MACARENA,477,INSTITUCION EDUCATIVA HECTOR IVAN HERNANDEZ,INSTITUCIÓN EDUCATIVA HECTOR IVAN HERNANDEZ,SEDE GIRASOL,SEDE GIRASOL,CAJM/JT-RI,CAJM/JT-RI,OK
243,400,408,399,241,206,45,LA MACARENA,477,LA MACARENA,477,INSTITUCION EDUCATIVA HECTOR IVAN HERNANDEZ,INSTITUCIÓN EDUCATIVA HECTOR IVAN HERNANDEZ,SEDE LA UNION II,SEDE LA UNION II,CAJM/JT-RI,CAJM/JT-RI,OK
244,401,409,400,242,207,45,LA MACARENA,477,LA MACARENA,477,INSTITUCION EDUCATIVA HECTOR IVAN HERNANDEZ,INSTITUCIÓN EDUCATIVA HECTOR IVAN HERNANDEZ,SEDE LA VICTORIA,SEDE LA VICTORIA,CAA,CAA,OK
245,402,410,401,243,208,45,LA MACARENA,477,LA MACARENA,477,INSTITUCION EDUCATIVA HECTOR IVAN HERNANDEZ,INSTITUCIÓN EDUCATIVA HECTOR IVAN HERNANDEZ,SEDE LAS AMERICAS,SEDE LAS AMERICAS,CAJM/JT-RI,CAJM/JT-RI,OK
246,403,411,402,244,209,45,LA MACARENA,477,LA MACARENA,477,INSTITUCION EDUCATIVA HECTOR IVAN HERNANDEZ,INSTITUCIÓN EDUCATIVA HECTOR IVAN HERNANDEZ,SEDE LAS MARIMBAS II,SEDE LAS MARIMBAS II,CAJM/JT-RI,CAJM/JT-RI,OK
247,404,412,403,245,210,45,LA MACARENA,477,LA MACARENA,477,INSTITUCION EDUCATIVA HECTOR IVAN HERNANDEZ,INSTITUCIÓN EDUCATIVA HECTOR IVAN HERNANDEZ,SEDE PRINCIPAL HECTOR IVAN HERNANDEZ,SEDE PRINCIPAL HECTOR IVAN HERNANDEZ,CAA,CAA,OK
248,405,413,404,246,210,45,LA MACARENA,477,LA MACARENA,477,INSTITUCION EDUCATIVA HECTOR IVAN HERNANDEZ,INSTITUCIÓN EDUCATIVA HECTOR IVAN HERNANDEZ,SEDE PRINCIPAL HECTOR IVAN HERNANDEZ,SEDE PRINCIPAL HECTOR IVAN HERNANDEZ,CAARES,CAARES,OK
249,406,414,405,247,211,45,LA MACARENA,477,LA MACARENA,477,INSTITUCION EDUCATIVA HECTOR IVAN HERNANDEZ,INSTITUCIÓN EDUCATIVA HECTOR IVAN HERNANDEZ,SEDE PUERTO LOZADA,SEDE PUERTO LOZADA,CAA,CAA,OK
250,407,415,406,248,212,45,LA MACARENA,477,LA MACARENA,477,INSTITUCION EDUCATIVA HECTOR IVAN HERNANDEZ,INSTITUCIÓN EDUCATIVA HECTOR IVAN HERNANDEZ,SEDE UNION MACARENA,SEDE UNION MACARENA,CAJM/JT-RI,CAJM/JT-RI,OK
251,408,416,407,249,213,46,LA MACARENA,477,LA MACARENA,477,INSTITUCION EDUCATIVA NUEVO HORIZONTE,INSTITUCIÓN EDUCATIVA NUEVO HORIZONTE,SEDE LAS HELICONIAS,SEDE LAS HELICONIAS,CAJM/JT-RI,CAJM/JT-RI,OK
252,409,417,408,250,214,46,LA MACARENA,477,LA MACARENA,477,INSTITUCION EDUCATIVA NUEVO HORIZONTE,INSTITUCIÓN EDUCATIVA NUEVO HORIZONTE,SEDE BRASILIA,SEDE BRASILIA,CAJM/JT-RI,CAJM/JT-RI,OK
253,410,418,409,251,215,46,LA MACARENA,477,LA MACARENA,477,INSTITUCION EDUCATIVA NUEVO HORIZONTE,INSTITUCIÓN EDUCATIVA NUEVO HORIZONTE,SEDE CAÑO AZUL,SEDE CANO AZUL,CAJM/JT-RI,CAJM/JT-RI,OK
254,411,419,410,252,216,46,LA MACARENA,477,LA MACARENA,477,INSTITUCION EDUCATIVA NUEVO HORIZONTE,INSTITUCIÓN EDUCATIVA NUEVO HORIZONTE,SEDE CAÑO MONO,SEDE CANO MONO,CAJM/JT-RI,CAJM/JT-RI,OK
255,412,420,411,253,217,46,LA MACARENA,477,LA MACARENA,477,INSTITUCION EDUCATIVA NUEVO HORIZONTE,INSTITUCIÓN EDUCATIVA NUEVO HORIZONTE,SEDE EL LIMONAR,SEDE EL LIMONAR,CAJM/JT-RI,CAJM/JT-RI,OK
256,413,421,412,254,218,46,LA MACARENA,477,LA MACARENA,477,INSTITUCION EDUCATIVA NUEVO HORIZONTE,INSTITUCIÓN EDUCATIVA NUEVO HORIZONTE,SEDE LA FLORIDA,SEDE LA FLORIDA,CAJM/JT-RI,CAJM/JT-RI,OK
257,414,422,413,255,219,46,LA MACARENA,477,LA MACARENA,477,INSTITUCION EDUCATIVA NUEVO HORIZONTE,INSTITUCIÓN EDUCATIVA NUEVO HORIZONTE,SEDE LAGUNA ALTA,SEDE LAGUNA ALTA,CAJM/JT-RI,CAJM/JT-RI,OK
258,415,423,414,256,220,46,LA MACARENA,477,LA MACARENA,477,INSTITUCION EDUCATIVA NUEVO HORIZONTE,INSTITUCIÓN EDUCATIVA NUEVO HORIZONTE,SEDE LAS MALVINAS,SEDE LAS MALVINAS,CAJM/JT-RI,CAJM/JT-RI,OK
259,416,424,415,257,221,46,LA MACARENA,477,LA MACARENA,477,INSTITUCION EDUCATIVA NUEVO HORIZONTE,INSTITUCIÓN EDUCATIVA NUEVO HORIZONTE,SEDE LOS NARANJOS,SEDE LOS NARANJOS,CAJM/JT-RI,CAJM/JT-RI,OK
260,417,425,416,258,222,46,LA MACARENA,477,LA MACARENA,477,INSTITUCION EDUCATIVA NUEVO HORIZONTE,INSTITUCIÓN EDUCATIVA NUEVO HORIZONTE,SEDE PRIMAVERA DEL LOZADA,SEDE PRIMAVERA DEL LOZADA,CAJM/JT-RI,CAJM/JT-RI,OK
261,418,426,417,259,223,46,LA MACARENA,477,LA MACARENA,477,INSTITUCION EDUCATIVA NUEVO HORIZONTE,INSTITUCIÓN EDUCATIVA NUEVO HORIZONTE,SEDE PRINCIPAL NUEVO HORIZONTE,SEDE PRINCIPAL NUEVO HORIZONTE,CAA,CAA,OK
262,419,427,418,260,223,46,LA MACARENA,477,LA MACARENA,477,INSTITUCION EDUCATIVA NUEVO HORIZONTE,INSTITUCIÓN EDUCATIVA NUEVO HORIZONTE,SEDE PRINCIPAL NUEVO HORIZONTE,SEDE PRINCIPAL NUEVO HORIZONTE,CAARES,CAARES,OK
263,420,428,419,261,224,47,LA MACARENA,477,LA MACARENA,477,INSTITUCION EDUCATIVA SANTA TERESA,INSTITUCIÓN EDUCATIVA SANTA TERESA,SEDE AGUAZUL,SEDE AGUAZUL,CAA,CAA,OK
264,421,429,420,262,225,47,LA MACARENA,477,LA MACARENA,477,INSTITUCION EDUCATIVA SANTA TERESA,INSTITUCIÓN EDUCATIVA SANTA TERESA,SEDE ALTO SAN ANTONIO,SEDE ALTO SAN ANTONIO,CAA,CAA,OK
265,422,430,421,263,226,47,LA MACARENA,477,LA MACARENA,477,INSTITUCION EDUCATIVA SANTA TERESA,INSTITUCIÓN EDUCATIVA SANTA TERESA,SEDE CAMPO HERMOSO,SEDE CAMPO HERMOSO,CAA,CAA,OK
266,423,431,24,264,227,47,LA MACARENA,477,LA MACARENA,477,INSTITUCION EDUCATIVA SANTA TERESA,INSTITUCIÓN EDUCATIVA SANTA TERESA,SEDE MONTEBELLO,SEDE MONTEBELLO,CAA,CAA,OK
267,424,432,422,265,228,47,LA MACARENA,477,LA MACARENA,477,INSTITUCION EDUCATIVA SANTA TERESA,INSTITUCIÓN EDUCATIVA SANTA TERESA,SEDE PRINCIPAL SANTA TERESA,SEDE PRINCIPAL SANTA TERESA,CAA,CAA,OK
268,425,433,423,266,228,47,LA MACARENA,477,LA MACARENA,477,INSTITUCION EDUCATIVA SANTA TERESA,INSTITUCIÓN EDUCATIVA SANTA TERESA,SEDE PRINCIPAL SANTA TERESA,SEDE PRINCIPAL SANTA TERESA,CAARES,CAARES,OK
269,426,434,424,267,229,47,LA MACARENA,477,LA MACARENA,477,INSTITUCION EDUCATIVA SANTA TERESA,INSTITUCIÓN EDUCATIVA SANTA TERESA,SEDE ALTO MORICHAL,SEDE ALTO MORICHAL,CAJM/JT-RI,CAJM/JT-RI,OK
270,427,435,25,268,230,47,LA MACARENA,477,LA MACARENA,477,INSTITUCION EDUCATIVA SANTA TERESA,INSTITUCIÓN EDUCATIVA SANTA TERESA,SEDE BAJO SAN ANTONIO,SEDE BAJO SAN ANTONIO,CAJM/JT-RI,CAJM/JT-RI,OK
271,428,436,425,269,231,47,LA MACARENA,477,LA MACARENA,477,INSTITUCION EDUCATIVA SANTA TERESA,INSTITUCIÓN EDUCATIVA SANTA TERESA,SEDE EL RETIRO,SEDE EL RETIRO,CAA,CAA,OK
272,429,437,426,270,232,47,LA MACARENA,477,LA MACARENA,477,INSTITUCION EDUCATIVA SANTA TERESA,INSTITUCIÓN EDUCATIVA SANTA TERESA,SEDE JUAN BOSCO,SEDE JUAN BOSCO,CAA,CAA,OK
273,430,438,427,271,233,47,LA MACARENA,477,LA MACARENA,477,INSTITUCION EDUCATIVA SANTA TERESA,INSTITUCIÓN EDUCATIVA SANTA TERESA,SEDE LA FUNDACION,SEDE LA FUNDACION,CAJM/JT-RI,CAJM/JT-RI,OK
274,431,439,428,272,234,47,LA MACARENA,477,LA MACARENA,477,INSTITUCION EDUCATIVA SANTA TERESA,INSTITUCIÓN EDUCATIVA SANTA TERESA,SEDE LA ORQUIDEA,SEDE LA ORQUIDEA,CAA,CAA,OK
275,432,440,429,273,235,47,LA MACARENA,477,LA MACARENA,477,INSTITUCION EDUCATIVA SANTA TERESA,INSTITUCIÓN EDUCATIVA SANTA TERESA,SEDE LAS DELICIAS,SEDE LAS DELICIAS,CAJM/JT-RI,CAJM/JT-RI,OK
276,433,441,430,274,236,47,LA MACARENA,477,LA MACARENA,477,INSTITUCION EDUCATIVA SANTA TERESA,INSTITUCIÓN EDUCATIVA SANTA TERESA,SEDE LEJANIAS,SEDE LEJANIAS,CAA,CAA,OK
277,434,442,431,275,237,47,LA MACARENA,477,LA MACARENA,477,INSTITUCION EDUCATIVA SANTA TERESA,INSTITUCIÓN EDUCATIVA SANTA TERESA,SEDE MARIA AUXILIADORA,SEDE MARIA AUXILIADORA,CAJM/JT-RI,CAJM/JT-RI,OK
278,435,443,432,276,238,47,LA MACARENA,477,LA MACARENA,477,INSTITUCION EDUCATIVA SANTA TERESA,INSTITUCIÓN EDUCATIVA SANTA TERESA,SEDE LA PRIMAVERA,SEDE LA PRIMAVERA,CAA,CAA,OK
279,436,444,433,277,239,47,LA MACARENA,477,LA MACARENA,477,INSTITUCION EDUCATIVA SANTA TERESA,INSTITUCIÓN EDUCATIVA SANTA TERESA,SEDE LOS MEDIOS,SEDE LOS MEDIOS,CAA,CAA,OK
280,437,445,434,278,240,47,LA MACARENA,477,LA MACARENA,477,INSTITUCION EDUCATIVA SANTA TERESA,INSTITUCIÓN EDUCATIVA SANTA TERESA,SEDE JHON HARY RUIZ,SEDE JHON HARY RUIZ,CAJM/JT-RI,CAJM/JT-RI,OK
281,438,446,435,279,241,47,LA MACARENA,477,LA MACARENA,477,INSTITUCION EDUCATIVA SANTA TERESA,INSTITUCIÓN EDUCATIVA SANTA TERESA,SEDE LUIS MARIO SANCHEZ,SEDE LUIS MARIO SANCHEZ,CAJM/JT-RI,CAJM/JT-RI,OK
282,439,447,436,280,242,47,LA MACARENA,477,LA MACARENA,477,INSTITUCION EDUCATIVA SANTA TERESA,INSTITUCIÓN EDUCATIVA SANTA TERESA,SEDE LA ESPERANZA,SEDE LA ESPERANZA,CAJM/JT-RI,CAJM/JT-RI,OK
283,440,448,437,281,243,47,LA MACARENA,477,LA MACARENA,477,INSTITUCION EDUCATIVA SANTA TERESA,INSTITUCIÓN EDUCATIVA SANTA TERESA,SEDE REMANSO,SEDE REMANSO,CAJM/JT-RI,CAJM/JT-RI,OK
284,441,449,438,282,244,48,LEJANÍAS,510,LEJANÍAS,510,CENTRO EDUCATIVO EL CONVENIO,CENTRO EDUCATIVO EL CONVENIO,SEDE LA AURORA,SEDE LA AURORA,CAA,CAA,OK
285,442,450,439,283,245,49,LEJANÍAS,510,LEJANÍAS,510,INSTITUCION EDUCATIVA DE LEJANIAS,INSTITUCIÓN EDUCATIVA DE LEJANIAS,SEDE JORGE ISAACS,SEDE JORGE ISAACS,CAA,CAA,OK
286,443,451,440,284,246,49,LEJANÍAS,510,LEJANÍAS,510,INSTITUCION EDUCATIVA DE LEJANIAS,INSTITUCIÓN EDUCATIVA DE LEJANIAS,SEDE PRINCIPAL LEJANIAS,SEDE PRINCIPAL LEJANIAS,CAJM/JT-RI,CAJM/JT-RI,OK
287,444,452,441,285,246,49,LEJANÍAS,510,LEJANÍAS,510,INSTITUCION EDUCATIVA DE LEJANIAS,INSTITUCIÓN EDUCATIVA DE LEJANIAS,SEDE PRINCIPAL LEJANIAS,SEDE PRINCIPAL LEJANIAS,CAA,CAA,OK
288,445,453,442,286,246,49,LEJANÍAS,510,LEJANÍAS,510,INSTITUCION EDUCATIVA DE LEJANIAS,INSTITUCIÓN EDUCATIVA DE LEJANIAS,SEDE PRINCIPAL LEJANIAS,SEDE PRINCIPAL LEJANIAS,CAARES,CAARES,OK
289,446,454,443,287,247,50,LEJANÍAS,510,LEJANÍAS,510,INSTITUCION EDUCATIVA GABRIELA MISTRAL,INSTITUCIÓN EDUCATIVA GABRIELA MISTRAL,SEDE BUENOS AIRES,SEDE BUENOS AIRES,CAJM/JT-RI,CAJM/JT-RI,OK
290,447,455,444,288,248,50,LEJANÍAS,510,LEJANÍAS,510,INSTITUCION EDUCATIVA GABRIELA MISTRAL,INSTITUCIÓN EDUCATIVA GABRIELA MISTRAL,SEDE EL BRILLANTE,SEDE EL BRILLANTE,CAA,CAA,OK
291,448,456,445,289,249,50,LEJANÍAS,510,LEJANÍAS,510,INSTITUCION EDUCATIVA GABRIELA MISTRAL,INSTITUCIÓN EDUCATIVA GABRIELA MISTRAL,SEDE EL PARAISO,SEDE EL PARAISO,CAJM/JT-RI,CAJM/JT-RI,OK
292,449,457,446,290,250,50,LEJANÍAS,510,LEJANÍAS,510,INSTITUCION EDUCATIVA GABRIELA MISTRAL,INSTITUCIÓN EDUCATIVA GABRIELA MISTRAL,SEDE EL ROBLE,SEDE EL ROBLE,CAJM/JT-RI,CAJM/JT-RI,OK
293,450,458,447,291,251,50,LEJANÍAS,510,LEJANÍAS,510,INSTITUCION EDUCATIVA GABRIELA MISTRAL,INSTITUCIÓN EDUCATIVA GABRIELA MISTRAL,SEDE LAS MARGARITAS,SEDE LAS MARGARITAS,CAJM/JT-RI,CAJM/JT-RI,OK
294,451,459,448,292,252,50,LEJANÍAS,510,LEJANÍAS,510,INSTITUCION EDUCATIVA GABRIELA MISTRAL,INSTITUCIÓN EDUCATIVA GABRIELA MISTRAL,SEDE LOS LAURELES,SEDE LOS LAURELES,CAA,CAA,OK
295,452,460,449,293,253,50,LEJANÍAS,510,LEJANÍAS,510,INSTITUCION EDUCATIVA GABRIELA MISTRAL,INSTITUCIÓN EDUCATIVA GABRIELA MISTRAL,SEDE PRINCIPAL GABRIELA MISTRAL,SEDE PRINCIPAL GABRIELA MISTRAL,CAJM/JT-RI,CAJM/JT-RI,OK
296,453,461,450,294,254,50,LEJANÍAS,510,LEJANÍAS,510,INSTITUCION EDUCATIVA GABRIELA MISTRAL,INSTITUCIÓN EDUCATIVA GABRIELA MISTRAL,SEDE SANTA RITA,SEDE SANTA RITA,CAA,CAA,OK
297,454,462,451,295,255,51,LEJANÍAS,510,LEJANÍAS,510,CENTRO EDUCATIVO BARCELONA,CENTRO EDUCATIVO BARCELONA,SEDE EL EDEN,SEDE EL EDEN,CAA,CAA,OK
298,455,463,452,296,256,51,LEJANÍAS,510,LEJANÍAS,510,CENTRO EDUCATIVO BARCELONA,CENTRO EDUCATIVO BARCELONA,SEDE PRINCIPAL BARCELONA,SEDE PRINCIPAL BARCELONA,CAA,CAA,OK
299,456,464,453,297,257,48,LEJANÍAS,510,LEJANÍAS,510,CENTRO EDUCATIVO EL CONVENIO,CENTRO EDUCATIVO EL CONVENIO,SEDE ITALIA,SEDE ITALIA,CAA,CAA,OK
300,457,465,454,298,258,48,LEJANÍAS,510,LEJANÍAS,510,CENTRO EDUCATIVO EL CONVENIO,CENTRO EDUCATIVO EL CONVENIO,SEDE PRINCIPAL EL CONVENIO,SEDE PRINCIPAL EL CONVENIO,CAA,CAA,OK
301,458,466,455,299,259,52,MAPIRIPÁN,547,MAPIRIPÁN,547,CENTRO EDUCATIVO GUACAMAYAS,CENTRO EDUCATIVO GUACAMAYAS,SEDE PRINCIPAL SAN FRANCISCO,SEDE PRINCIPAL SAN FRANCISCO,CAJM/JT-RI,CAJM/JT-RI,OK
302,459,467,456,300,259,52,MAPIRIPÁN,547,MAPIRIPÁN,547,CENTRO EDUCATIVO GUACAMAYAS,CENTRO EDUCATIVO GUACAMAYAS,SEDE PRINCIPAL SAN FRANCISCO,SEDE PRINCIPAL SAN FRANCISCO,CAARES,CAARES,OK
303,460,468,457,301,260,52,MAPIRIPÁN,547,MAPIRIPÁN,547,CENTRO EDUCATIVO GUACAMAYAS,CENTRO EDUCATIVO GUACAMAYAS,SEDE SANTA HELENA,SEDE SANTA HELENA,CAJM/JT-RI,CAJM/JT-RI,OK
304,461,469,458,302,260,52,MAPIRIPÁN,547,MAPIRIPÁN,547,CENTRO EDUCATIVO GUACAMAYAS,CENTRO EDUCATIVO GUACAMAYAS,SEDE SANTA HELENA,SEDE SANTA HELENA,CAARES,CAARES,OK
305,462,470,459,303,261,52,MAPIRIPÁN,547,MAPIRIPÁN,547,CENTRO EDUCATIVO GUACAMAYAS,CENTRO EDUCATIVO GUACAMAYAS,SEDE EL ROCIO,SEDE EL ROCIO,CAJM/JT-RI,CAJM/JT-RI,OK
306,463,471,460,304,262,52,MAPIRIPÁN,547,MAPIRIPÁN,547,CENTRO EDUCATIVO GUACAMAYAS,CENTRO EDUCATIVO GUACAMAYAS,SEDE EL MIELON,SEDE EL MIELON,CAJM/JT-RI,CAJM/JT-RI,OK
307,464,472,461,305,263,52,MAPIRIPÁN,547,MAPIRIPÁN,547,CENTRO EDUCATIVO GUACAMAYAS,CENTRO EDUCATIVO GUACAMAYAS,SEDE LA LIBERTAD,SEDE LA LIBERTAD,CAJM/JT-RI,CAJM/JT-RI,OK
308,465,473,462,306,264,52,MAPIRIPÁN,547,MAPIRIPÁN,547,CENTRO EDUCATIVO GUACAMAYAS,CENTRO EDUCATIVO GUACAMAYAS,SEDE LOS MERECURES,SEDE LOS MERECURES,CAJM/JT-RI,CAJM/JT-RI,OK
309,466,474,463,307,265,52,MAPIRIPÁN,547,MAPIRIPÁN,547,CENTRO EDUCATIVO GUACAMAYAS,CENTRO EDUCATIVO GUACAMAYAS,SEDE LA INDEPENDENCIA,SEDE LA INDEPENDENCIA,CAJM/JT-RI,CAJM/JT-RI,OK
310,467,475,464,308,266,52,MAPIRIPÁN,547,MAPIRIPÁN,547,CENTRO EDUCATIVO GUACAMAYAS,CENTRO EDUCATIVO GUACAMAYAS,SEDE CANAPURE,SEDE CANAPURE,CAJM/JT-RI,CAJM/JT-RI,OK
311,468,476,465,309,267,53,MAPIRIPÁN,547,MAPIRIPÁN,547,CENTRO EDUCATIVO DIVINO NIÑO JESUS,CENTRO EDUCATIVO DIVINO NINO JESUS,SEDE GABRIEL GARCIA MARQUEZ,SEDE GABRIEL GARCIA MARQUEZ,CAJM/JT-RI,CAJM/JT-RI,OK
312,469,477,466,310,268,53,MAPIRIPÁN,547,MAPIRIPÁN,547,CENTRO EDUCATIVO DIVINO NIÑO JESUS,CENTRO EDUCATIVO DIVINO NINO JESUS,SEDE JUAN PABLO II,SEDE JUAN PABLO II,CAA,CAA,OK
313,470,478,467,311,269,53,MAPIRIPÁN,547,MAPIRIPÁN,547,CENTRO EDUCATIVO DIVINO NIÑO JESUS,CENTRO EDUCATIVO DIVINO NINO JESUS,SEDE EL SILENCIO,SEDE EL SILENCIO,CAJM/JT-RI,CAJM/JT-RI,OK
314,471,479,468,312,270,53,MAPIRIPÁN,547,MAPIRIPÁN,547,CENTRO EDUCATIVO DIVINO NIÑO JESUS,CENTRO EDUCATIVO DIVINO NINO JESUS,SEDE MILCIADES PARRA QUIROGA,SEDE MILCIADES PARRA QUIROGA,CAJM/JT-RI,CAJM/JT-RI,OK
315,472,480,469,313,270,53,MAPIRIPÁN,547,MAPIRIPÁN,547,CENTRO EDUCATIVO DIVINO NIÑO JESUS,CENTRO EDUCATIVO DIVINO NINO JESUS,SEDE MILCIADES PARRA QUIROGA,SEDE MILCIADES PARRA QUIROGA,CAARES,CAARES,OK
316,473,481,470,314,271,53,MAPIRIPÁN,547,MAPIRIPÁN,547,CENTRO EDUCATIVO DIVINO NIÑO JESUS,CENTRO EDUCATIVO DIVINO NINO JESUS,SEDE PRINCIPAL DIVINO NIÑO JESUS,SEDE PRINCIPAL DIVINO NINO JESUS,CAA,CAA,OK
317,474,482,471,315,272,53,MAPIRIPÁN,547,MAPIRIPÁN,547,CENTRO EDUCATIVO DIVINO NIÑO JESUS,CENTRO EDUCATIVO DIVINO NINO JESUS,SEDE CHAPARRAL INDIGENA,SEDE CHAPARRAL INDIGENA,CAJM/JT-RI,CAJM/JT-RI,OK
318,475,483,472,316,273,53,MAPIRIPÁN,547,MAPIRIPÁN,547,CENTRO EDUCATIVO DIVINO NIÑO JESUS,CENTRO EDUCATIVO DIVINO NINO JESUS,SEDE BAXUMEX INDIGENA,SEDE BAXUMEX INDIGENA,CAJM/JT-RI,CAJM/JT-RI,OK
319,476,484,473,317,274,53,MAPIRIPÁN,547,MAPIRIPÁN,547,CENTRO EDUCATIVO DIVINO NIÑO JESUS,CENTRO EDUCATIVO DIVINO NINO JESUS,SEDE LA RIVERA,SEDE LA RIVERA,CAJM/JT-RI,CAJM/JT-RI,OK
320,477,485,474,318,274,53,MAPIRIPÁN,547,MAPIRIPÁN,547,CENTRO EDUCATIVO DIVINO NIÑO JESUS,CENTRO EDUCATIVO DIVINO NINO JESUS,SEDE LA RIVERA,SEDE LA RIVERA,CAARES,CAARES,OK
321,478,486,475,319,275,53,MAPIRIPÁN,547,MAPIRIPÁN,547,CENTRO EDUCATIVO DIVINO NIÑO JESUS,CENTRO EDUCATIVO DIVINO NINO JESUS,SEDE MATABAMBU,SEDE MATABAMBU,CAA,CAA,OK
322,479,487,476,320,276,53,MAPIRIPÁN,547,MAPIRIPÁN,547,CENTRO EDUCATIVO DIVINO NIÑO JESUS,CENTRO EDUCATIVO DIVINO NINO JESUS,SEDE BRISAS DE ITEVIARE,SEDE BRISAS DE ITEVIARE,CAJM/JT-RI,CAJM/JT-RI,OK
323,480,488,477,321,277,53,MAPIRIPÁN,547,MAPIRIPÁN,547,CENTRO EDUCATIVO DIVINO NIÑO JESUS,CENTRO EDUCATIVO DIVINO NINO JESUS,SEDE CAÑO MANGON,SEDE CANO MANGON,CAJM/JT-RI,CAJM/JT-RI,OK
324,481,489,478,322,278,54,MAPIRIPÁN,547,MAPIRIPÁN,547,INSTITUCION EDUCATIVA JORGE ELIECER GAITAN,INSTITUCIÓN EDUCATIVA JORGE ELIECER GAITAN,SEDE BAXUMEK II,SEDE BAXUMEK II,CAJM/JT-RI,CAJM/JT-RI,OK
325,482,490,479,323,279,54,MAPIRIPÁN,547,MAPIRIPÁN,547,INSTITUCION EDUCATIVA JORGE ELIECER GAITAN,INSTITUCIÓN EDUCATIVA JORGE ELIECER GAITAN,SEDE PRINCIPAL JORGE ELIECER GAITAN,SEDE PRINCIPAL JORGE ELIECER GAITAN,CAJM/JT-RI,CAJM/JT-RI,OK
326,483,491,480,324,279,54,MAPIRIPÁN,547,MAPIRIPÁN,547,INSTITUCION EDUCATIVA JORGE ELIECER GAITAN,INSTITUCIÓN EDUCATIVA JORGE ELIECER GAITAN,SEDE PRINCIPAL JORGE ELIECER GAITAN,SEDE PRINCIPAL JORGE ELIECER GAITAN,CAARES,CAARES,OK
327,484,492,481,325,280,54,MAPIRIPÁN,547,MAPIRIPÁN,547,INSTITUCION EDUCATIVA JORGE ELIECER GAITAN,INSTITUCIÓN EDUCATIVA JORGE ELIECER GAITAN,SEDE BRISAS DEL OVEJAS,SEDE BRISAS DEL OVEJAS,CAJM/JT-RI,CAJM/JT-RI,OK
328,485,493,482,326,281,54,MAPIRIPÁN,547,MAPIRIPÁN,547,INSTITUCION EDUCATIVA JORGE ELIECER GAITAN,INSTITUCIÓN EDUCATIVA JORGE ELIECER GAITAN,SEDE SAN JUSTINO,SEDE SAN JUSTINO,CAJM/JT-RI,CAJM/JT-RI,OK
329,486,494,483,327,282,54,MAPIRIPÁN,547,MAPIRIPÁN,547,INSTITUCION EDUCATIVA JORGE ELIECER GAITAN,INSTITUCIÓN EDUCATIVA JORGE ELIECER GAITAN,SEDE BETANIA,SEDE BETANIA,CAJM/JT-RI,CAJM/JT-RI,OK
330,487,495,484,328,283,54,MAPIRIPÁN,547,MAPIRIPÁN,547,INSTITUCION EDUCATIVA JORGE ELIECER GAITAN,INSTITUCIÓN EDUCATIVA JORGE ELIECER GAITAN,SEDE COROCITO INDIGENA,SEDE COROCITO INDIGENA,CAJM/JT-RI,CAJM/JT-RI,OK
331,488,496,485,329,284,54,MAPIRIPÁN,547,MAPIRIPÁN,547,INSTITUCION EDUCATIVA JORGE ELIECER GAITAN,INSTITUCIÓN EDUCATIVA JORGE ELIECER GAITAN,SEDE EL OLVIDO INDIGENA,SEDE EL OLVIDO INDIGENA,CAJM/JT-RI,CAJM/JT-RI,OK
332,489,497,486,330,285,55,MESETAS,565,MESETAS,565,CENTRO EDUCATIVO RIO DUDA,CENTRO EDUCATIVO RIO DUDA,SEDE AGUA BONITA,SEDE AGUA BONITA,CAJM/JT-RI,CAJM/JT-RI,OK
333,490,498,487,331,286,55,MESETAS,565,MESETAS,565,CENTRO EDUCATIVO RIO DUDA,CENTRO EDUCATIVO RIO DUDA,SEDE EL ORIENTE,SEDE EL ORIENTE,CAJM/JT-RI,CAJM/JT-RI,OK
334,491,499,488,332,287,55,MESETAS,565,MESETAS,565,CENTRO EDUCATIVO RIO DUDA,CENTRO EDUCATIVO RIO DUDA,SEDE EL PROGRESO,SEDE EL PROGRESO,CAJM/JT-RI,CAJM/JT-RI,OK
335,492,500,489,333,288,55,MESETAS,565,MESETAS,565,CENTRO EDUCATIVO RIO DUDA,CENTRO EDUCATIVO RIO DUDA,SEDE EL TURPIAL,SEDE EL TURPIAL,CAJM/JT-RI,CAJM/JT-RI,OK
336,493,501,490,334,289,55,MESETAS,565,MESETAS,565,CENTRO EDUCATIVO RIO DUDA,CENTRO EDUCATIVO RIO DUDA,SEDE GUACAMAYAS,SEDE GUACAMAYAS,CAJM/JT-RI,CAJM/JT-RI,OK
337,494,502,491,335,290,55,MESETAS,565,MESETAS,565,CENTRO EDUCATIVO RIO DUDA,CENTRO EDUCATIVO RIO DUDA,SEDE LA FRONTERA,SEDE LA FRONTERA,CAJM/JT-RI,CAJM/JT-RI,OK
338,495,503,492,336,291,55,MESETAS,565,MESETAS,565,CENTRO EDUCATIVO RIO DUDA,CENTRO EDUCATIVO RIO DUDA,SEDE LAS PALMERAS,SEDE LAS PALMERAS,CAJM/JT-RI,CAJM/JT-RI,OK
339,496,504,493,337,292,55,MESETAS,565,MESETAS,565,CENTRO EDUCATIVO RIO DUDA,CENTRO EDUCATIVO RIO DUDA,SEDE MARÍA MONTESSORI,SEDE MARIA MONTESSORI,CAJM/JT-RI,CAJM/JT-RI,OK
340,497,505,494,338,293,55,MESETAS,565,MESETAS,565,CENTRO EDUCATIVO RIO DUDA,CENTRO EDUCATIVO RIO DUDA,SEDE PRINCIPAL BRISAS DEL DUDA,SEDE PRINCIPAL BRISAS DEL DUDA,CAJM/JT-RI,CAJM/JT-RI,OK
341,498,506,495,339,294,55,MESETAS,565,MESETAS,565,CENTRO EDUCATIVO RIO DUDA,CENTRO EDUCATIVO RIO DUDA,SEDE PUERTO NUEVO,SEDE PUERTO NUEVO,CAJM/JT-RI,CAJM/JT-RI,OK
342,499,507,496,340,295,55,MESETAS,565,MESETAS,565,CENTRO EDUCATIVO RIO DUDA,CENTRO EDUCATIVO RIO DUDA,SEDE SAN ISIDRO,SEDE SAN ISIDRO,CAJM/JT-RI,CAJM/JT-RI,OK
343,500,508,497,341,296,55,MESETAS,565,MESETAS,565,CENTRO EDUCATIVO RIO DUDA,CENTRO EDUCATIVO RIO DUDA,SEDE SANTA HELENA,SEDE SANTA HELENA,CAJM/JT-RI,CAJM/JT-RI,OK
344,501,509,498,342,297,56,MESETAS,565,MESETAS,565,CENTRO EDUCATIVO RIO GUEJAR,CENTRO EDUCATIVO RIO GUEJAR,SEDE EL TRIQUE,SEDE EL TRIQUE,CAJM/JT-RI,CAJM/JT-RI,OK
345,502,510,499,343,298,56,MESETAS,565,MESETAS,565,CENTRO EDUCATIVO RIO GUEJAR,CENTRO EDUCATIVO RIO GUEJAR,SEDE LA ARGENTINA,SEDE LA ARGENTINA,CAJM/JT-RI,CAJM/JT-RI,OK
346,503,511,500,344,299,56,MESETAS,565,MESETAS,565,CENTRO EDUCATIVO RIO GUEJAR,CENTRO EDUCATIVO RIO GUEJAR,SEDE LA CABAÑA,SEDE LA CABANA,CAJM/JT-RI,CAJM/JT-RI,OK
347,504,512,501,345,300,56,MESETAS,565,MESETAS,565,CENTRO EDUCATIVO RIO GUEJAR,CENTRO EDUCATIVO RIO GUEJAR,SEDE LA LIBERTAD,SEDE LA LIBERTAD,CAA,CAA,OK
348,505,513,502,346,301,56,MESETAS,565,MESETAS,565,CENTRO EDUCATIVO RIO GUEJAR,CENTRO EDUCATIVO RIO GUEJAR,SEDE LAS FLORES,SEDE LAS FLORES,CAJM/JT-RI,CAJM/JT-RI,OK
349,506,514,503,347,302,56,MESETAS,565,MESETAS,565,CENTRO EDUCATIVO RIO GUEJAR,CENTRO EDUCATIVO RIO GUEJAR,SEDE NARANJAL,SEDE NARANJAL,CAJM/JT-RI,CAJM/JT-RI,OK
350,507,515,504,348,303,56,MESETAS,565,MESETAS,565,CENTRO EDUCATIVO RIO GUEJAR,CENTRO EDUCATIVO RIO GUEJAR,SEDE PRINCIPAL RIO GUEJAR,SEDE PRINCIPAL RIO GUEJAR,CAA,CAA,OK
351,508,516,505,349,304,57,MESETAS,565,MESETAS,565,INSTITUCION EDUCATIVA JARDIN DE LAS PEÑAS,INSTITUCIÓN EDUCATIVA JARDIN DE LAS PENAS,SEDE AGUA DE DIOS,SEDE AGUA DE DIOS,CAJM/JT-RI,CAJM/JT-RI,OK
352,509,517,506,350,305,57,MESETAS,565,MESETAS,565,INSTITUCION EDUCATIVA JARDIN DE LAS PEÑAS,INSTITUCIÓN EDUCATIVA JARDIN DE LAS PENAS,SEDE BAJO ANDES,SEDE BAJO ANDES,CAJM/JT-RI,CAJM/JT-RI,OK
353,510,518,507,351,306,57,MESETAS,565,MESETAS,565,INSTITUCION EDUCATIVA JARDIN DE LAS PEÑAS,INSTITUCIÓN EDUCATIVA JARDIN DE LAS PENAS,SEDE CAFETALES,SEDE CAFETALES,CAJM/JT-RI,CAJM/JT-RI,OK
354,511,519,508,352,307,57,MESETAS,565,MESETAS,565,INSTITUCION EDUCATIVA JARDIN DE LAS PEÑAS,INSTITUCIÓN EDUCATIVA JARDIN DE LAS PENAS,SEDE EL PALMAR,SEDE EL PALMAR,CAJM/JT-RI,CAJM/JT-RI,OK
355,512,520,509,353,308,57,MESETAS,565,MESETAS,565,INSTITUCION EDUCATIVA JARDIN DE LAS PEÑAS,INSTITUCIÓN EDUCATIVA JARDIN DE LAS PENAS,SEDE EL PIÑAL,SEDE EL PINAL,CAJM/JT-RI,CAJM/JT-RI,OK
356,513,521,510,354,309,57,MESETAS,565,MESETAS,565,INSTITUCION EDUCATIVA JARDIN DE LAS PEÑAS,INSTITUCIÓN EDUCATIVA JARDIN DE LAS PENAS,SEDE EL PORVENIR,SEDE EL PORVENIR,CAJM/JT-RI,CAJM/JT-RI,OK
357,514,522,511,355,310,57,MESETAS,565,MESETAS,565,INSTITUCION EDUCATIVA JARDIN DE LAS PEÑAS,INSTITUCIÓN EDUCATIVA JARDIN DE LAS PENAS,SEDE LA NUEVA ESPERANZA,SEDE LA NUEVA ESPERANZA,CAJM/JT-RI,CAJM/JT-RI,OK
358,515,523,512,356,311,57,MESETAS,565,MESETAS,565,INSTITUCION EDUCATIVA JARDIN DE LAS PEÑAS,INSTITUCIÓN EDUCATIVA JARDIN DE LAS PENAS,SEDE LA PAZ,SEDE LA PAZ,CAJM/JT-RI,CAJM/JT-RI,OK
359,516,524,513,357,312,57,MESETAS,565,MESETAS,565,INSTITUCION EDUCATIVA JARDIN DE LAS PEÑAS,INSTITUCIÓN EDUCATIVA JARDIN DE LAS PENAS,SEDE LA UNION,SEDE LA UNION,CAJM/JT-RI,CAJM/JT-RI,OK
360,517,525,514,358,313,57,MESETAS,565,MESETAS,565,INSTITUCION EDUCATIVA JARDIN DE LAS PEÑAS,INSTITUCIÓN EDUCATIVA JARDIN DE LAS PENAS,SEDE LAS COLINAS,SEDE LAS COLINAS,CAJM/JT-RI,CAJM/JT-RI,OK
361,518,526,515,359,314,57,MESETAS,565,MESETAS,565,INSTITUCION EDUCATIVA JARDIN DE LAS PEÑAS,INSTITUCIÓN EDUCATIVA JARDIN DE LAS PENAS,SEDE LAS PAILAS,SEDE LAS PAILAS,CAJM/JT-RI,CAJM/JT-RI,OK
362,519,527,516,360,315,57,MESETAS,565,MESETAS,565,INSTITUCION EDUCATIVA JARDIN DE LAS PEÑAS,INSTITUCIÓN EDUCATIVA JARDIN DE LAS PENAS,SEDE PRINCIPAL JARDIN DE PEÑAS,SEDE PRINCIPAL JARDIN DE PENAS,CAA,CAA,OK
363,520,528,517,361,315,57,MESETAS,565,MESETAS,565,INSTITUCION EDUCATIVA JARDIN DE LAS PEÑAS,INSTITUCIÓN EDUCATIVA JARDIN DE LAS PENAS,SEDE PRINCIPAL JARDIN DE PEÑAS,SEDE PRINCIPAL JARDIN DE PENAS,CAARES,CAARES,OK
364,521,529,518,362,316,58,MESETAS,565,MESETAS,565,INSTITUCION EDUCATIVA LOS FUNDADORES,INSTITUCIÓN EDUCATIVA LOS FUNDADORES,SEDE JOSE IGNACIO GONZALEZ,SEDE JOSE IGNACIO GONZALEZ,CAJM/JT-RI,CAJM/JT-RI,OK
365,522,530,519,363,317,58,MESETAS,565,MESETAS,565,INSTITUCION EDUCATIVA LOS FUNDADORES,INSTITUCIÓN EDUCATIVA LOS FUNDADORES,SEDE PRINCIPAL LOS FUNDADORES,SEDE PRINCIPAL LOS FUNDADORES,CAA,CAA,OK
366,523,531,520,364,318,59,MESETAS,565,MESETAS,565,CENTRO EDUCATIVO RIO CAFRE,CENTRO EDUCATIVO RIO CAFRE,SEDE ALTO CAFRE,SEDE ALTO CAFRE,CAJM/JT-RI,CAJM/JT-RI,OK
367,524,532,521,365,319,59,MESETAS,565,MESETAS,565,CENTRO EDUCATIVO RIO CAFRE,CENTRO EDUCATIVO RIO CAFRE,SEDE ATANASIO GIRARDOT,SEDE ATANASIO GIRARDOT,CAJM/JT-RI,CAJM/JT-RI,OK
368,525,533,522,366,320,59,MESETAS,565,MESETAS,565,CENTRO EDUCATIVO RIO CAFRE,CENTRO EDUCATIVO RIO CAFRE,SEDE BUENAVISTA,SEDE BUENAVISTA,CAJM/JT-RI,CAJM/JT-RI,OK
369,526,534,523,367,321,59,MESETAS,565,MESETAS,565,CENTRO EDUCATIVO RIO CAFRE,CENTRO EDUCATIVO RIO CAFRE,SEDE EL MIRADOR,SEDE EL MIRADOR,CAJM/JT-RI,CAJM/JT-RI,OK
370,527,535,524,368,322,59,MESETAS,565,MESETAS,565,CENTRO EDUCATIVO RIO CAFRE,CENTRO EDUCATIVO RIO CAFRE,SEDE PRINCIPAL LA GUAJIRA,SEDE PRINCIPAL LA GUAJIRA,CAA,CAA,OK
371,528,536,525,369,323,59,MESETAS,565,MESETAS,565,CENTRO EDUCATIVO RIO CAFRE,CENTRO EDUCATIVO RIO CAFRE,SEDE LAS BRUMAS,SEDE LAS BRUMAS,CAJM/JT-RI,CAJM/JT-RI,OK
372,529,537,526,370,324,59,MESETAS,565,MESETAS,565,CENTRO EDUCATIVO RIO CAFRE,CENTRO EDUCATIVO RIO CAFRE,SEDE LOS MANGOS,SEDE LOS MANGOS,CAJM/JT-RI,CAJM/JT-RI,OK
373,530,538,527,371,325,59,MESETAS,565,MESETAS,565,CENTRO EDUCATIVO RIO CAFRE,CENTRO EDUCATIVO RIO CAFRE,SEDE ONDAS DEL CAFRE,SEDE ONDAS DEL CAFRE,CAJM/JT-RI,CAJM/JT-RI,OK
374,531,539,528,372,326,59,MESETAS,565,MESETAS,565,CENTRO EDUCATIVO RIO CAFRE,CENTRO EDUCATIVO RIO CAFRE,SEDE PAYAN DE SAL,SEDE PAYAN DE SAL,CAJM/JT-RI,CAJM/JT-RI,OK
375,532,540,529,373,327,59,MESETAS,565,MESETAS,565,CENTRO EDUCATIVO RIO CAFRE,CENTRO EDUCATIVO RIO CAFRE,SEDE  RIO CAFRE,SEDE RIO CAFRE,CAJM/JT-RI,CAJM/JT-RI,OK
376,533,541,530,374,328,59,MESETAS,565,MESETAS,565,CENTRO EDUCATIVO RIO CAFRE,CENTRO EDUCATIVO RIO CAFRE,SEDE VILLA LUCIA,SEDE VILLA LUCIA,CAJM/JT-RI,CAJM/JT-RI,OK
377,534,542,531,375,329,60,PUERTO CONCORDIA,722,PUERTO CONCORDIA,722,CENTRO EDUCATIVO LA VEGA,CENTRO EDUCATIVO LA VEGA,SEDE COOPERATIVA CONGENTE,SEDE COOPERATIVA CONGENTE,CAJM/JT-RI,CAJM/JT-RI,OK
378,535,543,532,376,330,60,PUERTO CONCORDIA,722,PUERTO CONCORDIA,722,CENTRO EDUCATIVO LA VEGA,CENTRO EDUCATIVO LA VEGA,SEDE EL PROGRESO,SEDE EL PROGRESO,CAA,CAA,OK
379,536,544,533,377,331,60,PUERTO CONCORDIA,722,PUERTO CONCORDIA,722,CENTRO EDUCATIVO LA VEGA,CENTRO EDUCATIVO LA VEGA,SEDE GENERAL SANTANDER,SEDE GENERAL SANTANDER,CAA,CAA,OK
380,537,545,534,378,332,60,PUERTO CONCORDIA,722,PUERTO CONCORDIA,722,CENTRO EDUCATIVO LA VEGA,CENTRO EDUCATIVO LA VEGA,SEDE PLAYA ALTA,SEDE PLAYA ALTA,CAA,CAA,OK
381,538,546,535,379,333,60,PUERTO CONCORDIA,722,PUERTO CONCORDIA,722,CENTRO EDUCATIVO LA VEGA,CENTRO EDUCATIVO LA VEGA,SEDE POZO AZUL,SEDE POZO AZUL,CAA,CAA,OK
382,539,547,536,380,334,60,PUERTO CONCORDIA,722,PUERTO CONCORDIA,722,CENTRO EDUCATIVO LA VEGA,CENTRO EDUCATIVO LA VEGA,SEDE PRINCIPAL LA VEGA,SEDE PRINCIPAL LA VEGA,CAJM/JT-RI,CAJM/JT-RI,OK
383,540,548,537,381,335,60,PUERTO CONCORDIA,722,PUERTO CONCORDIA,722,CENTRO EDUCATIVO LA VEGA,CENTRO EDUCATIVO LA VEGA,SEDE SANTA ISABEL,SEDE SANTA ISABEL,CAA,CAA,OK
384,541,549,538,382,336,61,PUERTO CONCORDIA,722,PUERTO CONCORDIA,722,CENTRO EDUCATIVO MI LLANURA,CENTRO EDUCATIVO MI LLANURA,SEDE LA ORQUIDEA,SEDE LA ORQUIDEA,CAJM/JT-RI,CAJM/JT-RI,OK
385,542,550,539,383,337,61,PUERTO CONCORDIA,722,PUERTO CONCORDIA,722,CENTRO EDUCATIVO MI LLANURA,CENTRO EDUCATIVO MI LLANURA,SEDE MARIA AUXILIADORA,SEDE MARIA AUXILIADORA,CAJM/JT-RI,CAJM/JT-RI,OK
386,543,551,540,384,338,61,PUERTO CONCORDIA,722,PUERTO CONCORDIA,722,CENTRO EDUCATIVO MI LLANURA,CENTRO EDUCATIVO MI LLANURA,SEDE PRINCIPAL MI LLANURA,SEDE PRINCIPAL MI LLANURA,CAJU-RI,CAJU-RI,OK
387,544,552,541,385,338,61,PUERTO CONCORDIA,722,PUERTO CONCORDIA,722,CENTRO EDUCATIVO MI LLANURA,CENTRO EDUCATIVO MI LLANURA,SEDE PRINCIPAL MI LLANURA,SEDE PRINCIPAL MI LLANURA,CAA-JU,CAA-JU,OK
388,545,553,542,386,339,61,PUERTO CONCORDIA,722,PUERTO CONCORDIA,722,CENTRO EDUCATIVO MI LLANURA,CENTRO EDUCATIVO MI LLANURA,SEDE RESGUARDO INDIGENA CAÑO LA SAL,SEDE RESGUARDO INDIGENA CANO LA SAL,CAJM/JT-RI,CAJM/JT-RI,OK
389,546,554,543,387,340,61,PUERTO CONCORDIA,722,PUERTO CONCORDIA,722,CENTRO EDUCATIVO MI LLANURA,CENTRO EDUCATIVO MI LLANURA,SEDE SAN RAFAEL,SEDE SAN RAFAEL,CAJM/JT-RI,CAJM/JT-RI,OK
390,547,555,544,388,341,62,PUERTO CONCORDIA,722,PUERTO CONCORDIA,722,INSTITUCION EDUCATIVA NUEVA ESPERANZA,INSTITUCIÓN EDUCATIVA NUEVA ESPERANZA,SEDE CONCORDIA,SEDE CONCORDIA,CAA,CAA,OK
391,548,556,545,389,342,62,PUERTO CONCORDIA,722,PUERTO CONCORDIA,722,INSTITUCION EDUCATIVA NUEVA ESPERANZA,INSTITUCIÓN EDUCATIVA NUEVA ESPERANZA,SEDE PRINCIPAL NUEVA ESPERANZA,SEDE PRINCIPAL NUEVA ESPERANZA,CAJM/JT-RI,CAJM/JT-RI,OK
392,549,557,546,390,342,62,PUERTO CONCORDIA,722,PUERTO CONCORDIA,722,INSTITUCION EDUCATIVA NUEVA ESPERANZA,INSTITUCIÓN EDUCATIVA NUEVA ESPERANZA,SEDE PRINCIPAL NUEVA ESPERANZA,SEDE PRINCIPAL NUEVA ESPERANZA,CAARES,CAARES,OK
393,550,558,547,391,343,63,PUERTO CONCORDIA,722,PUERTO CONCORDIA,722,INSTITUCION EDUCATIVA PUERTO IRIS,INSTITUCIÓN EDUCATIVA PUERTO IRIS,SEDE PRINCIPAL PUERTO IRIS,SEDE PRINCIPAL PUERTO IRIS,CAA-JU,CAA-JU,OK
394,551,559,548,392,343,63,PUERTO CONCORDIA,722,PUERTO CONCORDIA,722,INSTITUCION EDUCATIVA PUERTO IRIS,INSTITUCIÓN EDUCATIVA PUERTO IRIS,SEDE PRINCIPAL PUERTO IRIS,SEDE PRINCIPAL PUERTO IRIS,CAJU-RI,CAJU-RI,OK
395,552,560,549,393,344,63,PUERTO CONCORDIA,722,PUERTO CONCORDIA,722,INSTITUCION EDUCATIVA PUERTO IRIS,INSTITUCIÓN EDUCATIVA PUERTO IRIS,SEDE SAN JUAN BOSCO,SEDE SAN JUAN BOSCO,CAJM/JT-RI,CAJM/JT-RI,OK
396,553,561,550,394,345,63,PUERTO CONCORDIA,722,PUERTO CONCORDIA,722,INSTITUCION EDUCATIVA PUERTO IRIS,INSTITUCIÓN EDUCATIVA PUERTO IRIS,SEDE SANTA ANA,SEDE SANTA ANA,CAJM/JT-RI,CAJM/JT-RI,OK
397,554,562,551,395,346,63,PUERTO CONCORDIA,722,PUERTO CONCORDIA,722,INSTITUCION EDUCATIVA PUERTO IRIS,INSTITUCIÓN EDUCATIVA PUERTO IRIS,SEDE MERELES,SEDE MERELES,CAA-JU,CAA-JU,OK
398,555,563,552,396,346,63,PUERTO CONCORDIA,722,PUERTO CONCORDIA,722,INSTITUCION EDUCATIVA PUERTO IRIS,INSTITUCIÓN EDUCATIVA PUERTO IRIS,SEDE MERELES,SEDE MERELES,CAJU-RI,CAJU-RI,OK
399,556,564,553,397,347,63,PUERTO CONCORDIA,722,PUERTO CONCORDIA,722,INSTITUCION EDUCATIVA PUERTO IRIS,INSTITUCIÓN EDUCATIVA PUERTO IRIS,SEDE LINDENAL,SEDE LINDENAL,CAA-JU,CAA-JU,OK
400,557,565,554,398,347,63,PUERTO CONCORDIA,722,PUERTO CONCORDIA,722,INSTITUCION EDUCATIVA PUERTO IRIS,INSTITUCIÓN EDUCATIVA PUERTO IRIS,SEDE LINDENAL,SEDE LINDENAL,CAJU-RI,CAJU-RI,OK
401,558,566,555,399,348,63,PUERTO CONCORDIA,722,PUERTO CONCORDIA,722,INSTITUCION EDUCATIVA PUERTO IRIS,INSTITUCIÓN EDUCATIVA PUERTO IRIS,SEDE LA VALLENATA,SEDE LA VALLENATA,CAA-JU,CAA-JU,OK
402,559,567,26,400,348,63,PUERTO CONCORDIA,722,PUERTO CONCORDIA,722,INSTITUCION EDUCATIVA PUERTO IRIS,INSTITUCIÓN EDUCATIVA PUERTO IRIS,SEDE LA VALLENATA,SEDE LA VALLENATA,CAJU-RI,CAJU-RI,OK
403,560,568,556,401,349,64,PUERTO CONCORDIA,722,PUERTO CONCORDIA,722,INSTITUCION EDUCATIVA VALENTIN APARICIO PERSONA,INSTITUCIÓN EDUCATIVA VALENTIN APARICIO PERSONA,SEDE BAJA PRIMAVERA,SEDE BAJA PRIMAVERA,CAA,CAA,OK
404,561,569,557,402,350,64,PUERTO CONCORDIA,722,PUERTO CONCORDIA,722,INSTITUCION EDUCATIVA VALENTIN APARICIO PERSONA,INSTITUCIÓN EDUCATIVA VALENTIN APARICIO PERSONA,SEDE BELLAVISTA,SEDE BELLAVISTA,CAA,CAA,OK
405,562,570,558,403,350,64,PUERTO CONCORDIA,722,PUERTO CONCORDIA,722,INSTITUCION EDUCATIVA VALENTIN APARICIO PERSONA,INSTITUCIÓN EDUCATIVA VALENTIN APARICIO PERSONA,SEDE BELLAVISTA,SEDE BELLAVISTA,CAARES,CAARES,OK
406,563,571,559,404,351,64,PUERTO CONCORDIA,722,PUERTO CONCORDIA,722,INSTITUCION EDUCATIVA VALENTIN APARICIO PERSONA,INSTITUCIÓN EDUCATIVA VALENTIN APARICIO PERSONA,SEDE CHARCO CARBON,SEDE CHARCO CARBON,CAJM/JT-RI,CAJM/JT-RI,OK
407,564,572,560,405,352,64,PUERTO CONCORDIA,722,PUERTO CONCORDIA,722,INSTITUCION EDUCATIVA VALENTIN APARICIO PERSONA,INSTITUCIÓN EDUCATIVA VALENTIN APARICIO PERSONA,SEDE EL MIRADOR,SEDE EL MIRADOR,CAJM/JT-RI,CAJM/JT-RI,OK
408,565,573,561,406,353,64,PUERTO CONCORDIA,722,PUERTO CONCORDIA,722,INSTITUCION EDUCATIVA VALENTIN APARICIO PERSONA,INSTITUCIÓN EDUCATIVA VALENTIN APARICIO PERSONA,SEDE ESPERANZA,SEDE ESPERANZA,CAJM/JT-RI,CAJM/JT-RI,OK
409,566,574,562,407,354,64,PUERTO CONCORDIA,722,PUERTO CONCORDIA,722,INSTITUCION EDUCATIVA VALENTIN APARICIO PERSONA,INSTITUCIÓN EDUCATIVA VALENTIN APARICIO PERSONA,SEDE LIBARDO CASTAÑO,SEDE LIBARDO CASTANO,CAA,CAA,OK
410,567,575,563,408,355,64,PUERTO CONCORDIA,722,PUERTO CONCORDIA,722,INSTITUCION EDUCATIVA VALENTIN APARICIO PERSONA,INSTITUCIÓN EDUCATIVA VALENTIN APARICIO PERSONA,SEDE LOS ANDES,SEDE LOS ANDES,CAA,CAA,OK
411,568,576,564,409,356,64,PUERTO CONCORDIA,722,PUERTO CONCORDIA,722,INSTITUCION EDUCATIVA VALENTIN APARICIO PERSONA,INSTITUCIÓN EDUCATIVA VALENTIN APARICIO PERSONA,SEDE PRINCIPAL VALENTIN APARICIO PERSONA,SEDE PRINCIPAL VALENTIN APARICIO PERSONA,CAA,CAA,OK
412,569,577,565,410,356,64,PUERTO CONCORDIA,722,PUERTO CONCORDIA,722,INSTITUCION EDUCATIVA VALENTIN APARICIO PERSONA,INSTITUCIÓN EDUCATIVA VALENTIN APARICIO PERSONA,SEDE PRINCIPAL VALENTIN APARICIO PERSONA,SEDE PRINCIPAL VALENTIN APARICIO PERSONA,CAARES,CAARES,OK
413,570,578,566,411,357,64,PUERTO CONCORDIA,722,PUERTO CONCORDIA,722,INSTITUCION EDUCATIVA VALENTIN APARICIO PERSONA,INSTITUCIÓN EDUCATIVA VALENTIN APARICIO PERSONA,SEDE SIMON BOLIVAR,SEDE SIMON BOLIVAR,CAJM/JT-RI,CAJM/JT-RI,OK
414,571,579,567,412,358,65,PUERTO GAITÁN,724,PUERTO GAITÁN,724,INSTITUCION EDUCATIVA HORIZONTES,INSTITUCIÓN EDUCATIVA HORIZONTES,SEDE FUNDACIONES,SEDE FUNDACIONES,CAARES,CAARES,OK
415,572,580,568,413,359,65,PUERTO GAITÁN,724,PUERTO GAITÁN,724,INSTITUCION EDUCATIVA HORIZONTES,INSTITUCIÓN EDUCATIVA HORIZONTES,SEDE LA PRIMAVERA,SEDE LA PRIMAVERA,CAARES,CAARES,OK
416,573,581,569,414,360,65,PUERTO GAITÁN,724,PUERTO GAITÁN,724,INSTITUCION EDUCATIVA HORIZONTES,INSTITUCIÓN EDUCATIVA HORIZONTES,SEDE MURUJUY,SEDE MURUJUY,CAARES,CAARES,OK
417,574,582,570,415,361,65,PUERTO GAITÁN,724,PUERTO GAITÁN,724,INSTITUCION EDUCATIVA HORIZONTES,INSTITUCIÓN EDUCATIVA HORIZONTES,SEDE HORIZONTES,SEDE HORIZONTES,CAARES,CAARES,OK
418,575,583,571,416,362,65,PUERTO GAITÁN,724,PUERTO GAITÁN,724,INSTITUCION EDUCATIVA HORIZONTES,INSTITUCIÓN EDUCATIVA HORIZONTES,SEDE LA SABANA,SEDE LA SABANA,CAARES,CAARES,OK
419,576,584,572,417,363,66,PUERTO GAITÁN,724,PUERTO GAITÁN,724,INSTITUCION EDUCATIVA JORGE ELIECER GAITAN,INSTITUCIÓN EDUCATIVA JORGE ELIECER GAITAN,SEDE PRINCIPAL JORGE ELIECER GAITAN,SEDE PRINCIPAL JORGE ELIECER GAITAN,CAARES,CAARES,OK
420,577,585,573,418,364,67,PUERTO GAITÁN,724,PUERTO GAITÁN,724,INSTITUCION EDUCATIVA RUBIALES,INSTITUCIÓN EDUCATIVA RUBIALES,SEDE ALTO TILLAVA,SEDE ALTO TILLAVA,CAARES,CAARES,OK
421,578,586,574,419,365,67,PUERTO GAITÁN,724,PUERTO GAITÁN,724,INSTITUCION EDUCATIVA RUBIALES,INSTITUCIÓN EDUCATIVA RUBIALES,SEDE PRINCIPAL RUBIALES,SEDE PRINCIPAL RUBIALES,CAARES,CAARES,OK
422,579,587,575,420,366,67,PUERTO GAITÁN,724,PUERTO GAITÁN,724,INSTITUCION EDUCATIVA RUBIALES,INSTITUCIÓN EDUCATIVA RUBIALES,SEDE PUERTO TRUJILLO,SEDE PUERTO TRUJILLO,CAARES,CAARES,OK
423,580,588,576,421,367,68,PUERTO LLERAS,728,PUERTO LLERAS,728,CENTRO EDUCATIVO TIERRA GRATA,CENTRO EDUCATIVO TIERRA GRATA,SEDE SAN FERNANDO,SEDE SAN FERNANDO,CAJM/JT-RI,CAJM/JT-RI,OK
424,581,589,577,422,367,68,PUERTO LLERAS,728,PUERTO LLERAS,728,CENTRO EDUCATIVO TIERRA GRATA,CENTRO EDUCATIVO TIERRA GRATA,SEDE SAN FERNANDO,SEDE SAN FERNANDO,CAARES,CAARES,OK
425,582,590,578,423,368,68,PUERTO LLERAS,728,PUERTO LLERAS,728,CENTRO EDUCATIVO TIERRA GRATA,CENTRO EDUCATIVO TIERRA GRATA,SEDE PRINCIPAL TIERRA GRATA,SEDE PRINCIPAL TIERRA GRATA,CAA,CAA,OK
426,583,591,579,424,369,68,PUERTO LLERAS,728,PUERTO LLERAS,728,CENTRO EDUCATIVO TIERRA GRATA,CENTRO EDUCATIVO TIERRA GRATA,SEDE AGUALINDA,SEDE AGUALINDA,CAJM/JT-RI,CAJM/JT-RI,OK
427,584,592,580,425,370,68,PUERTO LLERAS,728,PUERTO LLERAS,728,CENTRO EDUCATIVO TIERRA GRATA,CENTRO EDUCATIVO TIERRA GRATA,SEDE ALTO CASIBARE,SEDE ALTO CASIBARE,CAJM/JT-RI,CAJM/JT-RI,OK
428,585,593,581,426,371,68,PUERTO LLERAS,728,PUERTO LLERAS,728,CENTRO EDUCATIVO TIERRA GRATA,CENTRO EDUCATIVO TIERRA GRATA,SEDE EL TURPIAL,SEDE EL TURPIAL,CAJM/JT-RI,CAJM/JT-RI,OK
429,586,594,582,427,372,68,PUERTO LLERAS,728,PUERTO LLERAS,728,CENTRO EDUCATIVO TIERRA GRATA,CENTRO EDUCATIVO TIERRA GRATA,SEDE EL CAIRO,SEDE EL CAIRO,CAJM/JT-RI,CAJM/JT-RI,OK
430,587,595,583,428,373,68,PUERTO LLERAS,728,PUERTO LLERAS,728,CENTRO EDUCATIVO TIERRA GRATA,CENTRO EDUCATIVO TIERRA GRATA,SEDE PALMERAS,SEDE PALMERAS,CAJM/JT-RI,CAJM/JT-RI,OK
431,588,596,584,429,374,69,PUERTO LLERAS,728,PUERTO LLERAS,728,INSTITUCION EDUCATIVA HECTOR JARAMILLO DUQUE,INSTITUCIÓN EDUCATIVA HECTOR JARAMILLO DUQUE,SEDE PRINCIPAL HECTOR JARAMILLO DUQUE,SEDE PRINCIPAL HECTOR JARAMILLO DUQUE,CAJU-RI,CAJU-RI,OK
432,589,597,585,430,374,69,PUERTO LLERAS,728,PUERTO LLERAS,728,INSTITUCION EDUCATIVA HECTOR JARAMILLO DUQUE,INSTITUCIÓN EDUCATIVA HECTOR JARAMILLO DUQUE,SEDE PRINCIPAL HECTOR JARAMILLO DUQUE,SEDE PRINCIPAL HECTOR JARAMILLO DUQUE,CAA-JU,CAA-JU,OK
433,590,598,586,431,374,69,PUERTO LLERAS,728,PUERTO LLERAS,728,INSTITUCION EDUCATIVA HECTOR JARAMILLO DUQUE,INSTITUCIÓN EDUCATIVA HECTOR JARAMILLO DUQUE,SEDE PRINCIPAL HECTOR JARAMILLO DUQUE,SEDE PRINCIPAL HECTOR JARAMILLO DUQUE,CAARES,CAARES,OK
434,591,599,587,432,375,69,PUERTO LLERAS,728,PUERTO LLERAS,728,INSTITUCION EDUCATIVA HECTOR JARAMILLO DUQUE,INSTITUCIÓN EDUCATIVA HECTOR JARAMILLO DUQUE,SEDE LA UNIoN,SEDE LA UNION,CAJM/JT-RI,CAJM/JT-RI,OK
435,592,600,588,433,376,69,PUERTO LLERAS,728,PUERTO LLERAS,728,INSTITUCION EDUCATIVA HECTOR JARAMILLO DUQUE,INSTITUCIÓN EDUCATIVA HECTOR JARAMILLO DUQUE,SEDE LA ISLANDIA,SEDE LA ISLANDIA,CAJM/JT-RI,CAJM/JT-RI,OK
436,593,601,589,434,377,69,PUERTO LLERAS,728,PUERTO LLERAS,728,INSTITUCION EDUCATIVA HECTOR JARAMILLO DUQUE,INSTITUCIÓN EDUCATIVA HECTOR JARAMILLO DUQUE,SEDE LA TIGRERA,SEDE LA TIGRERA,CAJM/JT-RI,CAJM/JT-RI,OK
437,594,602,590,435,378,69,PUERTO LLERAS,728,PUERTO LLERAS,728,INSTITUCION EDUCATIVA HECTOR JARAMILLO DUQUE,INSTITUCIÓN EDUCATIVA HECTOR JARAMILLO DUQUE,SEDE EL CARIBE,SEDE EL CARIBE,CAJM/JT-RI,CAJM/JT-RI,OK
438,595,603,591,436,379,69,PUERTO LLERAS,728,PUERTO LLERAS,728,INSTITUCION EDUCATIVA HECTOR JARAMILLO DUQUE,INSTITUCIÓN EDUCATIVA HECTOR JARAMILLO DUQUE,SEDE BELLA VISTA,SEDE BELLA VISTA,CAJM/JT-RI,CAJM/JT-RI,OK
439,596,604,592,437,380,69,PUERTO LLERAS,728,PUERTO LLERAS,728,INSTITUCION EDUCATIVA HECTOR JARAMILLO DUQUE,INSTITUCIÓN EDUCATIVA HECTOR JARAMILLO DUQUE,SEDE VERACRUZ JOSE MARIA BAJO,SEDE VERACRUZ JOSE MARIA BAJO,CAJM/JT-RI,CAJM/JT-RI,OK
440,597,605,593,438,381,69,PUERTO LLERAS,728,PUERTO LLERAS,728,INSTITUCION EDUCATIVA HECTOR JARAMILLO DUQUE,INSTITUCIÓN EDUCATIVA HECTOR JARAMILLO DUQUE,SEDE LA ESPERANZA,SEDE LA ESPERANZA,CAJM/JT-RI,CAJM/JT-RI,OK
441,598,606,594,439,382,70,PUERTO LLERAS,728,PUERTO LLERAS,728,INSTITUCION EDUCATIVA CHARCO TRECE,INSTITUCIÓN EDUCATIVA CHARCO TRECE,SEDE NUESTRA SEÑORA DE LA PAZ,SEDE NUESTRA SENORA DE LA PAZ,CAJU-RI,CAJU-RI,OK
442,599,607,595,440,382,70,PUERTO LLERAS,728,PUERTO LLERAS,728,INSTITUCION EDUCATIVA CHARCO TRECE,INSTITUCIÓN EDUCATIVA CHARCO TRECE,SEDE NUESTRA SEÑORA DE LA PAZ,SEDE NUESTRA SENORA DE LA PAZ,CAA-JU,CAA-JU,OK
443,600,608,596,441,383,70,PUERTO LLERAS,728,PUERTO LLERAS,728,INSTITUCION EDUCATIVA CHARCO TRECE,INSTITUCIÓN EDUCATIVA CHARCO TRECE,SEDE PRINCIPAL INTERNADO CHARCO TRECE,SEDE PRINCIPAL INTERNADO CHARCO TRECE,CAJU-RI,CAJU-RI,OK
444,601,609,597,442,383,70,PUERTO LLERAS,728,PUERTO LLERAS,728,INSTITUCION EDUCATIVA CHARCO TRECE,INSTITUCIÓN EDUCATIVA CHARCO TRECE,SEDE PRINCIPAL INTERNADO CHARCO TRECE,SEDE PRINCIPAL INTERNADO CHARCO TRECE,CAA-JU,CAA-JU,OK
445,602,610,598,443,383,70,PUERTO LLERAS,728,PUERTO LLERAS,728,INSTITUCION EDUCATIVA CHARCO TRECE,INSTITUCIÓN EDUCATIVA CHARCO TRECE,SEDE PRINCIPAL INTERNADO CHARCO TRECE,SEDE PRINCIPAL INTERNADO CHARCO TRECE,CAARES,CAARES,OK
446,603,611,599,444,384,70,PUERTO LLERAS,728,PUERTO LLERAS,728,INSTITUCION EDUCATIVA CHARCO TRECE,INSTITUCIÓN EDUCATIVA CHARCO TRECE,SEDE BRISAS DEL GUEJAR,SEDE BRISAS DEL GUEJAR,CAJM/JT-RI,CAJM/JT-RI,OK
447,604,612,600,445,385,70,PUERTO LLERAS,728,PUERTO LLERAS,728,INSTITUCION EDUCATIVA CHARCO TRECE,INSTITUCIÓN EDUCATIVA CHARCO TRECE,SEDE ALTO CUNUMIA,SEDE ALTO CUNUMIA,CAJM/JT-RI,CAJM/JT-RI,OK
448,605,613,601,446,386,70,PUERTO LLERAS,728,PUERTO LLERAS,728,INSTITUCION EDUCATIVA CHARCO TRECE,INSTITUCIÓN EDUCATIVA CHARCO TRECE,SEDE EL DIAMANTE,SEDE EL DIAMANTE,CAJM/JT-RI,CAJM/JT-RI,OK
449,606,614,602,447,387,70,PUERTO LLERAS,728,PUERTO LLERAS,728,INSTITUCION EDUCATIVA CHARCO TRECE,INSTITUCIÓN EDUCATIVA CHARCO TRECE,SEDE LA ARGENTINA,SEDE LA ARGENTINA,CAJM/JT-RI,CAJM/JT-RI,OK
450,607,615,603,448,388,71,PUERTO LLERAS,728,PUERTO LLERAS,728,INSTITUCION EDUCATIVA MAJESTUOSO ARIARI  INEMA,INSTITUCIÓN EDUCATIVA MAJESTUOSO ARIARI INEMA,SEDE INOCENCIO CHINCA,SEDE INOCENCIO CHINCA,CAA-JU,CAA-JU,OK
451,608,616,604,449,388,71,PUERTO LLERAS,728,PUERTO LLERAS,728,INSTITUCION EDUCATIVA MAJESTUOSO ARIARI  INEMA,INSTITUCIÓN EDUCATIVA MAJESTUOSO ARIARI INEMA,SEDE INOCENCIO CHINCA,SEDE INOCENCIO CHINCA,CAJU-RI,CAJU-RI,OK
452,609,617,605,450,388,71,PUERTO LLERAS,728,PUERTO LLERAS,728,INSTITUCION EDUCATIVA MAJESTUOSO ARIARI  INEMA,INSTITUCIÓN EDUCATIVA MAJESTUOSO ARIARI INEMA,SEDE INOCENCIO CHINCA,SEDE INOCENCIO CHINCA,CAJM/JT-RI,CAJM/JT-RI,OK
453,610,618,606,451,389,71,PUERTO LLERAS,728,PUERTO LLERAS,728,INSTITUCION EDUCATIVA MAJESTUOSO ARIARI  INEMA,INSTITUCIÓN EDUCATIVA MAJESTUOSO ARIARI INEMA,SEDE MANUELA BELTRAN,SEDE MANUELA BELTRAN,CAJM/JT-RI,CAJM/JT-RI,OK
454,611,619,607,452,390,71,PUERTO LLERAS,728,PUERTO LLERAS,728,INSTITUCION EDUCATIVA MAJESTUOSO ARIARI  INEMA,INSTITUCIÓN EDUCATIVA MAJESTUOSO ARIARI INEMA,"SEDE PRINCIPAL MAJESTUOSO ARIARI ""INEMA""",SEDE PRINCIPAL MAJESTUOSO ARIARI INEMA,CAA-JU,CAA-JU,OK
455,612,620,608,453,390,71,PUERTO LLERAS,728,PUERTO LLERAS,728,INSTITUCION EDUCATIVA MAJESTUOSO ARIARI  INEMA,INSTITUCIÓN EDUCATIVA MAJESTUOSO ARIARI INEMA,"SEDE PRINCIPAL MAJESTUOSO ARIARI ""INEMA""",SEDE PRINCIPAL MAJESTUOSO ARIARI INEMA,CAJU-RI,CAJU-RI,OK
456,613,621,609,454,391,72,PUERTO LÓPEZ,729,PUERTO LÓPEZ,729,CENTRO EDUCATIVO NUESTRA SEÑORA DE FATIMA,CENTRO EDUCATIVO NUESTRA SENORA DE FATIMA,SEDE CAMINO DE EMAUS,SEDE CAMINO DE EMAUS,CAJM/JT-RI,CAJM/JT-RI,OK
457,614,622,610,455,392,72,PUERTO LÓPEZ,729,PUERTO LÓPEZ,729,CENTRO EDUCATIVO NUESTRA SEÑORA DE FATIMA,CENTRO EDUCATIVO NUESTRA SENORA DE FATIMA,SEDE EL TURPIAL,SEDE EL TURPIAL,CAJM/JT-RI,CAJM/JT-RI,OK
458,615,623,611,456,393,72,PUERTO LÓPEZ,729,PUERTO LÓPEZ,729,CENTRO EDUCATIVO NUESTRA SEÑORA DE FATIMA,CENTRO EDUCATIVO NUESTRA SENORA DE FATIMA,SEDE LAS LEONAS,SEDE LAS LEONAS,CAJM/JT-RI,CAJM/JT-RI,OK
459,616,624,612,457,394,72,PUERTO LÓPEZ,729,PUERTO LÓPEZ,729,CENTRO EDUCATIVO NUESTRA SEÑORA DE FATIMA,CENTRO EDUCATIVO NUESTRA SENORA DE FATIMA,SEDE PRINCIPAL NUESTRA SEÑORA DE FATIMA,SEDE PRINCIPAL NUESTRA SENORA DE FATIMA,CAA,CAA,OK
460,617,625,613,458,395,72,PUERTO LÓPEZ,729,PUERTO LÓPEZ,729,CENTRO EDUCATIVO NUESTRA SEÑORA DE FATIMA,CENTRO EDUCATIVO NUESTRA SENORA DE FATIMA,SEDE PUEBLO NUEVO,SEDE PUEBLO NUEVO,CAJM/JT-RI,CAJM/JT-RI,OK
461,618,626,614,459,396,72,PUERTO LÓPEZ,729,PUERTO LÓPEZ,729,CENTRO EDUCATIVO NUESTRA SEÑORA DE FATIMA,CENTRO EDUCATIVO NUESTRA SENORA DE FATIMA,SEDE LA COLINA,SEDE LA COLINA,CAA,CAA,OK
462,619,627,615,460,396,72,PUERTO LÓPEZ,729,PUERTO LÓPEZ,729,CENTRO EDUCATIVO NUESTRA SEÑORA DE FATIMA,CENTRO EDUCATIVO NUESTRA SENORA DE FATIMA,SEDE LA COLINA,SEDE LA COLINA,CAARES,CAARES,OK
463,620,628,616,461,397,73,PUERTO LÓPEZ,729,PUERTO LÓPEZ,729,CENTRO EDUCATIVO PONTON DE RIO NEGRO,CENTRO EDUCATIVO PONTON DE RIO NEGRO,SEDE ANTONIA SANTOS,SEDE ANTONIA SANTOS,CAJM/JT-RI,CAJM/JT-RI,OK
464,621,629,617,462,398,73,PUERTO LÓPEZ,729,PUERTO LÓPEZ,729,CENTRO EDUCATIVO PONTON DE RIO NEGRO,CENTRO EDUCATIVO PONTON DE RIO NEGRO,SEDE BOCAS DEL GUAYURIBA,SEDE BOCAS DEL GUAYURIBA,CAA,CAA,OK
465,622,630,618,463,399,73,PUERTO LÓPEZ,729,PUERTO LÓPEZ,729,CENTRO EDUCATIVO PONTON DE RIO NEGRO,CENTRO EDUCATIVO PONTON DE RIO NEGRO,SEDE EL PORVENIR,SEDE EL PORVENIR,CAJM/JT-RI,CAJM/JT-RI,OK
466,623,631,619,464,400,73,PUERTO LÓPEZ,729,PUERTO LÓPEZ,729,CENTRO EDUCATIVO PONTON DE RIO NEGRO,CENTRO EDUCATIVO PONTON DE RIO NEGRO,SEDE GUICHIRAL,SEDE GUICHIRAL,CAJM/JT-RI,CAJM/JT-RI,OK
467,624,632,620,465,401,73,PUERTO LÓPEZ,729,PUERTO LÓPEZ,729,CENTRO EDUCATIVO PONTON DE RIO NEGRO,CENTRO EDUCATIVO PONTON DE RIO NEGRO,SEDE PRINCIPAL PONTON DE RIO NEGRO,SEDE PRINCIPAL PONTON DE RIO NEGRO,CAA,CAA,OK
468,625,633,621,466,402,73,PUERTO LÓPEZ,729,PUERTO LÓPEZ,729,CENTRO EDUCATIVO PONTON DE RIO NEGRO,CENTRO EDUCATIVO PONTON DE RIO NEGRO,SEDE RODRIGO LARA BONILLA,SEDE RODRIGO LARA BONILLA,CAJM/JT-RI,CAJM/JT-RI,OK
469,626,634,622,467,403,73,PUERTO LÓPEZ,729,PUERTO LÓPEZ,729,CENTRO EDUCATIVO PONTON DE RIO NEGRO,CENTRO EDUCATIVO PONTON DE RIO NEGRO,SEDE SAN MARTIN DE PORRES,SEDE SAN MARTIN DE PORRES,CAJM/JT-RI,CAJM/JT-RI,OK
470,627,635,623,468,404,73,PUERTO LÓPEZ,729,PUERTO LÓPEZ,729,CENTRO EDUCATIVO PONTON DE RIO NEGRO,CENTRO EDUCATIVO PONTON DE RIO NEGRO,SEDE VISO DE SAN PABLO,SEDE VISO DE SAN PABLO,CAJM/JT-RI,CAJM/JT-RI,OK
471,628,636,624,469,405,74,PUERTO LÓPEZ,729,PUERTO LÓPEZ,729,CENTRO EDUCATIVO SERRANIA DEL MELUA,CENTRO EDUCATIVO SERRANIA DEL MELUA,SEDE ALTO NAVAJAS,SEDE ALTO NAVAJAS,CAJM/JT-RI,CAJM/JT-RI,OK
472,629,637,625,470,406,74,PUERTO LÓPEZ,729,PUERTO LÓPEZ,729,CENTRO EDUCATIVO SERRANIA DEL MELUA,CENTRO EDUCATIVO SERRANIA DEL MELUA,SEDE LA SANDRITA,SEDE LA SANDRITA,CAJM/JT-RI,CAJM/JT-RI,OK
473,630,638,626,471,407,74,PUERTO LÓPEZ,729,PUERTO LÓPEZ,729,CENTRO EDUCATIVO SERRANIA DEL MELUA,CENTRO EDUCATIVO SERRANIA DEL MELUA,SEDE PRINCIPAL LA ESTRELLA,SEDE PRINCIPAL LA ESTRELLA,CAJM/JT-RI,CAJM/JT-RI,OK
474,631,639,627,472,407,74,PUERTO LÓPEZ,729,PUERTO LÓPEZ,729,CENTRO EDUCATIVO SERRANIA DEL MELUA,CENTRO EDUCATIVO SERRANIA DEL MELUA,SEDE PRINCIPAL LA ESTRELLA,SEDE PRINCIPAL LA ESTRELLA,CAARES,CAARES,OK
475,632,640,628,473,408,74,PUERTO LOPEZ,729,PUERTO LÓPEZ,729,CENTRO EDUCATIVO SERRANIA DEL MELUA,CENTRO EDUCATIVO SERRANIA DEL MELUA,SEDE LA ESMERALDA,SEDE LA ESMERALDA,CAJM/JT-RI,CAJM/JT-RI,OK
476,633,641,629,474,409,75,PUERTO LÓPEZ,729,PUERTO LÓPEZ,729,INSTITUCION EDUCATIVA  AGROPECUARIO DE PUERTO LOPEZ,INSTITUCIÓN EDUCATIVA AGROPECUARIO DE PUERTO LOPEZ,SEDE LA UNION,SEDE LA UNION,CAJM/JT-RI,CAJM/JT-RI,OK
477,634,642,630,475,410,75,PUERTO LÓPEZ,729,PUERTO LÓPEZ,729,INSTITUCION EDUCATIVA  AGROPECUARIO DE PUERTO LOPEZ,INSTITUCIÓN EDUCATIVA AGROPECUARIO DE PUERTO LOPEZ,SEDE PRINCIPAL TECNICO AGROPECUARIO,SEDE PRINCIPAL TECNICO AGROPECUARIO,CAA,CAA,OK
478,635,643,631,476,411,75,PUERTO LÓPEZ,729,PUERTO LÓPEZ,729,INSTITUCION EDUCATIVA  AGROPECUARIO DE PUERTO LOPEZ,INSTITUCIÓN EDUCATIVA AGROPECUARIO DE PUERTO LOPEZ,SEDE SAN ISIDRO,SEDE SAN ISIDRO,CAJM/JT-RI,CAJM/JT-RI,OK
479,636,644,632,477,412,76,PUERTO LÓPEZ,729,PUERTO LÓPEZ,729,INSTITUCION EDUCATIVA CAPITAN MIGUEL LARA,INSTITUCIÓN EDUCATIVA CAPITAN MIGUEL LARA,SEDE PRINCIPAL CAPITAN MIGUEL LARA,SEDE PRINCIPAL CAPITAN MIGUEL LARA,CAJM/JT-RI,CAJM/JT-RI,OK
480,637,645,633,478,413,77,PUERTO LÓPEZ,729,PUERTO LÓPEZ,729,INSTITUCION EDUCATIVA ENRIQUE OLAYA HERRERA,INSTITUCIÓN EDUCATIVA ENRIQUE OLAYA HERRERA,SEDE CLEMENTE NARANJO,SEDE CLEMENTE NARANJO,CAJM/JT-RI,CAJM/JT-RI,OK
481,638,646,634,479,414,77,PUERTO LÓPEZ,729,PUERTO LÓPEZ,729,INSTITUCION EDUCATIVA ENRIQUE OLAYA HERRERA,INSTITUCIÓN EDUCATIVA ENRIQUE OLAYA HERRERA,SEDE PRINCIPAL ENRIQUE OLAYA HERRERA,SEDE PRINCIPAL ENRIQUE OLAYA HERRERA,CAJM/JT-RI,CAJM/JT-RI,OK
482,639,647,635,480,415,78,PUERTO LÓPEZ,729,PUERTO LÓPEZ,729,INSTITUCION EDUCATIVA PUERTO GUADALUPE,INSTITUCIÓN EDUCATIVA PUERTO GUADALUPE,SEDE PRINCIPAL PUERTO GUADALUPE,SEDE PRINCIPAL PUERTO GUADALUPE,CAJM/JT-RI,CAJM/JT-RI,OK
483,640,648,636,481,416,79,PUERTO LÓPEZ,729,PUERTO LÓPEZ,729,INSTITUCION EDUCATIVA RAFAEL URIBE URIBE,INSTITUCIÓN EDUCATIVA RAFAEL URIBE URIBE,SEDE ALEGRIA DE VIVIR,SEDE ALEGRIA DE VIVIR,CAJM/JT-RI,CAJM/JT-RI,OK
484,641,649,637,482,417,79,PUERTO LÓPEZ,729,PUERTO LÓPEZ,729,INSTITUCION EDUCATIVA RAFAEL URIBE URIBE,INSTITUCIÓN EDUCATIVA RAFAEL URIBE URIBE,SEDE PRINCIPAL RAFAEL URIBE URIBE,SEDE PRINCIPAL RAFAEL URIBE URIBE,CAJM/JT-RI,CAJM/JT-RI,OK
485,642,650,638,483,418,80,PUERTO LÓPEZ,729,PUERTO LÓPEZ,729,INSTITUCION EDUCATIVA REMOLINO,INSTITUCIÓN EDUCATIVA REMOLINO,SEDE PRINCIPAL REMOLINO,SEDE PRINCIPAL REMOLINO,CAJM/JT-RI,CAJM/JT-RI,OK
486,643,651,639,484,419,81,PUERTO LÓPEZ,729,PUERTO LÓPEZ,729,INSTITUCION EDUCATIVA YAALIAKEISY,INSTITUCIÓN EDUCATIVA YAALIAKEISY,SEDE PRINCIPAL YAALIAKEISY,SEDE PRINCIPAL YAALIAKEISY,CAJM/JT-RI,CAJM/JT-RI,OK
487,644,652,640,485,420,82,PUERTO LOPEZ,729,PUERTO LÓPEZ,729,INSTITUCION EDUCATIVA SANTA TERESA DE PACHAQUIARO,INSTITUCIÓN EDUCATIVA SANTA TERESA DE PACHAQUIARO,SEDE SIMON BOLIVAR,SEDE SIMON BOLIVAR,CAJM/JT-RI,CAJM/JT-RI,OK
488,645,653,641,486,421,82,PUERTO LOPEZ,729,PUERTO LÓPEZ,729,INSTITUCION EDUCATIVA SANTA TERESA DE PACHAQUIARO,INSTITUCIÓN EDUCATIVA SANTA TERESA DE PACHAQUIARO,SEDE PUERTO PORFIA,SEDE PUERTO PORFIA,CAJM/JT-RI,CAJM/JT-RI,OK
489,646,654,642,487,422,82,PUERTO LÓPEZ,729,PUERTO LÓPEZ,729,INSTITUCION EDUCATIVA SANTA TERESA DE PACHAQUIARO,INSTITUCIÓN EDUCATIVA SANTA TERESA DE PACHAQUIARO,SEDE PRINCIPAL SANTA TERESA DE PACHAQUIARO,SEDE PRINCIPAL SANTA TERESA DE PACHAQUIARO,CAJM/JT-RI,CAJM/JT-RI,OK
490,647,655,643,488,423,83,PUERTO RICO,728,PUERTO LLERAS,728,CE LA SABANA,CENTRO EDUCATIVO LA SABANA,SEDE SAN RAFAEL,SEDE SAN RAFAEL,CAA,CAA,OK
491,648,656,644,489,424,83,PUERTO RICO,728,PUERTO LLERAS,728,CE LA SABANA,CENTRO EDUCATIVO LA SABANA,SEDE LA SULTANA,SEDE LA SULTANA,CAA,CAA,OK
492,649,657,645,490,425,83,PUERTO RICO,728,PUERTO LLERAS,728,CE LA SABANA,CENTRO EDUCATIVO LA SABANA,SEDE LA YE,SEDE LA YE,CAA,CAA,OK
493,650,658,646,491,426,83,PUERTO RICO,728,PUERTO LLERAS,728,CE LA SABANA,CENTRO EDUCATIVO LA SABANA,SEDE CAÑO RAYA,SEDE CANO RAYA,CAJM/JT-RI,CAJM/JT-RI,OK
494,651,659,647,492,427,83,PUERTO RICO,728,PUERTO LLERAS,728,CE LA SABANA,CENTRO EDUCATIVO LA SABANA,SEDE EL OASIS,SEDE EL OASIS,CAJM/JT-RI,CAJM/JT-RI,OK
495,652,660,648,493,428,83,PUERTO RICO,728,PUERTO LLERAS,728,CE LA SABANA,CENTRO EDUCATIVO LA SABANA,SEDE PRINCIPAL LA SABANA,SEDE PRINCIPAL LA SABANA,CAA,CAA,OK
496,653,661,649,494,429,83,PUERTO RICO,728,PUERTO LLERAS,728,CE LA SABANA,CENTRO EDUCATIVO LA SABANA,SEDE SAN VICENTE ALTO,SEDE SAN VICENTE ALTO,CAJM/JT-RI,CAJM/JT-RI,OK
497,654,662,650,495,430,83,PUERTO RICO,728,PUERTO LLERAS,728,CE LA SABANA,CENTRO EDUCATIVO LA SABANA,SEDE SANTA INES,SEDE SANTA INES,CAJM/JT-RI,CAJM/JT-RI,OK
498,655,663,651,496,431,83,PUERTO RICO,728,PUERTO LLERAS,728,CE LA SABANA,CENTRO EDUCATIVO LA SABANA,SEDE SAUSALITO,SEDE SAUSALITO,CAJM/JT-RI,CAJM/JT-RI,OK
499,656,664,652,497,432,84,PUERTO RICO,734,PUERTO RICO,734,CENTRO EDUCATIVO LAS PALMAS,CENTRO EDUCATIVO LAS PALMAS,SEDE DANUBIO UNO,SEDE DANUBIO UNO,CAJM/JT-RI,CAJM/JT-RI,OK
500,657,665,653,498,433,84,PUERTO RICO,734,PUERTO RICO,734,CENTRO EDUCATIVO LAS PALMAS,CENTRO EDUCATIVO LAS PALMAS,SEDE ENRIQUE VALOYEX,SEDE ENRIQUE VALOYEX,CAA,CAA,OK
501,658,666,654,499,434,84,PUERTO RICO,734,PUERTO RICO,734,CENTRO EDUCATIVO LAS PALMAS,CENTRO EDUCATIVO LAS PALMAS,SEDE PRINCIPAL DANUBIO DOS,SEDE PRINCIPAL DANUBIO DOS,CAJM/JT-RI,CAJM/JT-RI,OK
502,659,667,655,500,434,84,PUERTO RICO,734,PUERTO RICO,734,CENTRO EDUCATIVO LAS PALMAS,CENTRO EDUCATIVO LAS PALMAS,SEDE PRINCIPAL DANUBIO DOS,SEDE PRINCIPAL DANUBIO DOS,CAARES,CAARES,OK
503,660,668,656,501,435,84,PUERTO RICO,734,PUERTO RICO,734,CENTRO EDUCATIVO LAS PALMAS,CENTRO EDUCATIVO LAS PALMAS,SEDE BOCAS DE CAÑO DANTA,SEDE BOCAS DE CANO DANTA,CAJM/JT-RI,CAJM/JT-RI,OK
504,661,669,657,502,436,84,PUERTO RICO,734,PUERTO RICO,734,CENTRO EDUCATIVO LAS PALMAS,CENTRO EDUCATIVO LAS PALMAS,SEDE CAÑO ALFA,SEDE CANO ALFA,CAJM/JT-RI,CAJM/JT-RI,OK
505,662,670,658,503,437,84,PUERTO RICO,734,PUERTO RICO,734,CENTRO EDUCATIVO LAS PALMAS,CENTRO EDUCATIVO LAS PALMAS,SEDE CAÑO BLANCO,SEDE CANO BLANCO,CAJM/JT-RI,CAJM/JT-RI,OK
506,663,671,659,504,438,84,PUERTO RICO,734,PUERTO RICO,734,CENTRO EDUCATIVO LAS PALMAS,CENTRO EDUCATIVO LAS PALMAS,SEDE COMUNEROS,SEDE COMUNEROS,CAJM/JT-RI,CAJM/JT-RI,OK
507,664,672,660,505,439,84,PUERTO RICO,734,PUERTO RICO,734,CENTRO EDUCATIVO LAS PALMAS,CENTRO EDUCATIVO LAS PALMAS,SEDE INDEPENDENCIA,SEDE INDEPENDENCIA,CAJM/JT-RI,CAJM/JT-RI,OK
508,665,673,661,506,440,84,PUERTO RICO,734,PUERTO RICO,734,CENTRO EDUCATIVO LAS PALMAS,CENTRO EDUCATIVO LAS PALMAS,SEDE LAS COLINAS,SEDE LAS COLINAS,CAJM/JT-RI,CAJM/JT-RI,OK
509,666,674,662,507,441,84,PUERTO RICO,734,PUERTO RICO,734,CENTRO EDUCATIVO LAS PALMAS,CENTRO EDUCATIVO LAS PALMAS,SEDE PALMERAS,SEDE PALMERAS,CAJM/JT-RI,CAJM/JT-RI,OK
510,667,675,663,508,442,85,PUERTO RICO,734,PUERTO RICO,734,IE ALICIO AMADOR ELVIRA,INSTITUCIÓN EDUCATIVA ALICIO AMADOR ELVIRA,SEDE POLICARPA SALAVARRIETA,SEDE POLICARPA SALAVARRIETA,CAJM/JT-RI,CAJM/JT-RI,OK
511,668,676,664,509,443,85,PUERTO RICO,734,PUERTO RICO,734,IE ALICIO AMADOR ELVIRA,INSTITUCIÓN EDUCATIVA ALICIO AMADOR ELVIRA,SEDE PRINCIPAL ALICIO AMADOR ELVIRA,SEDE PRINCIPAL ALICIO AMADOR ELVIRA,CAA,CAA,OK
512,669,677,665,510,444,85,PUERTO RICO,734,PUERTO RICO,734,IE ALICIO AMADOR ELVIRA,INSTITUCIÓN EDUCATIVA ALICIO AMADOR ELVIRA,SEDE RAFAEL POMBO,SEDE RAFAEL POMBO,CAA,CAA,OK
513,670,678,666,511,445,86,PUERTO RICO,728,PUERTO LLERAS,728,INSTITUCION EDUCATIVA LA PRIMAVERA,INSTITUCIÓN EDUCATIVA LA PRIMAVERA,SEDE PRINCIPAL BARRANCO COLORADO,SEDE PRINCIPAL BARRANCO COLORADO,CAA,CAA,OK
514,671,679,667,512,445,86,PUERTO RICO,728,PUERTO LLERAS,728,INSTITUCION EDUCATIVA LA PRIMAVERA,INSTITUCIÓN EDUCATIVA LA PRIMAVERA,SEDE PRINCIPAL BARRANCO COLORADO,SEDE PRINCIPAL BARRANCO COLORADO,CAARES,CAARES,OK
515,672,680,668,513,446,86,PUERTO RICO,728,PUERTO LLERAS,728,INSTITUCION EDUCATIVA LA PRIMAVERA,INSTITUCIÓN EDUCATIVA LA PRIMAVERA,SEDE BAJA PRIMAVERA,SEDE BAJA PRIMAVERA,CAJM/JT-RI,CAJM/JT-RI,OK
516,673,681,669,514,447,86,PUERTO RICO,728,PUERTO LLERAS,728,INSTITUCION EDUCATIVA LA PRIMAVERA,INSTITUCIÓN EDUCATIVA LA PRIMAVERA,SEDE BRISAS DEL CAFRE,SEDE BRISAS DEL CAFRE,CAJM/JT-RI,CAJM/JT-RI,OK
517,674,682,670,515,448,86,PUERTO RICO,728,PUERTO LLERAS,728,INSTITUCION EDUCATIVA LA PRIMAVERA,INSTITUCIÓN EDUCATIVA LA PRIMAVERA,SEDE BUENA VISTA,SEDE BUENA VISTA,CAJM/JT-RI,CAJM/JT-RI,OK
518,675,683,671,516,449,86,PUERTO RICO,728,PUERTO LLERAS,728,INSTITUCION EDUCATIVA LA PRIMAVERA,INSTITUCIÓN EDUCATIVA LA PRIMAVERA,SEDE LA CABAÑA,SEDE LA CABANA,CAJM/JT-RI,CAJM/JT-RI,OK
519,676,684,672,517,450,86,PUERTO RICO,728,PUERTO LLERAS,728,INSTITUCION EDUCATIVA LA PRIMAVERA,INSTITUCIÓN EDUCATIVA LA PRIMAVERA,SEDE LA ESPERANZA,SEDE LA ESPERANZA,CAJM/JT-RI,CAJM/JT-RI,OK
520,677,685,673,518,451,86,PUERTO RICO,728,PUERTO LLERAS,728,INSTITUCION EDUCATIVA LA PRIMAVERA,INSTITUCIÓN EDUCATIVA LA PRIMAVERA,SEDE LA FUNDACIoN,SEDE LA FUNDACION,CAJM/JT-RI,CAJM/JT-RI,OK
521,678,686,674,519,452,86,PUERTO RICO,728,PUERTO LLERAS,728,INSTITUCION EDUCATIVA LA PRIMAVERA,INSTITUCIÓN EDUCATIVA LA PRIMAVERA,SEDE LA LIBERTAD,SEDE LA LIBERTAD,CAJM/JT-RI,CAJM/JT-RI,OK
522,679,687,675,520,453,86,PUERTO RICO,728,PUERTO LLERAS,728,INSTITUCION EDUCATIVA LA PRIMAVERA,INSTITUCIÓN EDUCATIVA LA PRIMAVERA,SEDE LA UNIoN,SEDE LA UNION,CAJM/JT-RI,CAJM/JT-RI,OK
523,680,688,676,521,454,86,PUERTO RICO,728,PUERTO LLERAS,728,INSTITUCION EDUCATIVA LA PRIMAVERA,INSTITUCIÓN EDUCATIVA LA PRIMAVERA,SEDE LA VICTORIA,SEDE LA VICTORIA,CAJM/JT-RI,CAJM/JT-RI,OK
524,681,689,677,522,455,86,PUERTO RICO,728,PUERTO LLERAS,728,INSTITUCION EDUCATIVA LA PRIMAVERA,INSTITUCIÓN EDUCATIVA LA PRIMAVERA,SEDE CHARCO DANTO,SEDE CHARCO DANTO,CAJM/JT-RI,CAJM/JT-RI,OK
525,682,690,678,523,456,86,PUERTO RICO,728,PUERTO LLERAS,728,INSTITUCION EDUCATIVA LA PRIMAVERA,INSTITUCIÓN EDUCATIVA LA PRIMAVERA,SEDE EL DORADO,SEDE EL DORADO,CAJM/JT-RI,CAJM/JT-RI,OK
526,683,691,679,524,457,86,PUERTO RICO,728,PUERTO LLERAS,728,INSTITUCION EDUCATIVA LA PRIMAVERA,INSTITUCIÓN EDUCATIVA LA PRIMAVERA,SEDE LA REFORMA,SEDE LA REFORMA,CAJM/JT-RI,CAJM/JT-RI,OK
527,684,692,680,525,458,86,PUERTO RICO,728,PUERTO LLERAS,728,INSTITUCION EDUCATIVA LA PRIMAVERA,INSTITUCIÓN EDUCATIVA LA PRIMAVERA,SEDE LAGUNA GRINGO,SEDE LAGUNA GRINGO,CAJM/JT-RI,CAJM/JT-RI,OK
528,685,693,681,526,459,86,PUERTO RICO,728,PUERTO LLERAS,728,INSTITUCION EDUCATIVA LA PRIMAVERA,INSTITUCIÓN EDUCATIVA LA PRIMAVERA,SEDE CHISPAS,SEDE CHISPAS,CAJM/JT-RI,CAJM/JT-RI,OK
529,686,694,682,527,460,87,RESTREPO,762,RESTREPO,762,INSTITUCIÓN EDUCATIVA RURAL DE RESTREPO,INSTITUCIÓN EDUCATIVA RURAL DE RESTREPO,SEDE PRINCIPAL CANEY ALTO,SEDE PRINCIPAL CANEY ALTO,CAA,CAA,OK
530,687,695,683,528,461,88,RESTREPO,762,RESTREPO,762,IE FRANCISCO TORRES LEON,INSTITUCIÓN EDUCATIVA FRANCISCO TORRES LEON,SEDE PRINCIPAL FRANCISCO TORRES LEON,SEDE PRINCIPAL FRANCISCO TORRES LEON,CAJM/JT-RI,CAJM/JT-RI,OK
531,688,696,684,529,461,88,RESTREPO,762,RESTREPO,762,IE FRANCISCO TORRES LEON,INSTITUCIÓN EDUCATIVA FRANCISCO TORRES LEON,SEDE PRINCIPAL FRANCISCO TORRES LEON,SEDE PRINCIPAL FRANCISCO TORRES LEON,CAA,CAA,OK
532,689,697,685,530,462,89,RESTREPO,762,RESTREPO,762,INSTITUCION EDUCATIVA EMILIANO RESTREPO ECHAVARRIA,INSTITUCIÓN EDUCATIVA EMILIANO RESTREPO ECHAVARRIA,SEDE EMILIANO RESTREPO ECHAVARRIA PRIMARIA,SEDE EMILIANO RESTREPO ECHAVARRIA PRIMARIA,CAJM/JT-RI,CAJM/JT-RI,OK
533,690,698,686,531,462,89,RESTREPO,762,RESTREPO,762,INSTITUCION EDUCATIVA EMILIANO RESTREPO ECHAVARRIA,INSTITUCIÓN EDUCATIVA EMILIANO RESTREPO ECHAVARRIA,SEDE EMILIANO RESTREPO ECHAVARRIA PRIMARIA,SEDE EMILIANO RESTREPO ECHAVARRIA PRIMARIA,CAA,CAA,OK
534,691,699,687,532,463,89,RESTREPO,762,RESTREPO,762,INSTITUCION EDUCATIVA EMILIANO RESTREPO ECHAVARRIA,INSTITUCIÓN EDUCATIVA EMILIANO RESTREPO ECHAVARRIA,SEDE PRINCIPAL EMILIANO RESTREPO ECHAVARRIA,SEDE PRINCIPAL EMILIANO RESTREPO ECHAVARRIA,CAJM/JT-RI,CAJM/JT-RI,OK
535,692,700,688,533,464,90,SAN CARLOS DE GUAROA,826,SAN CARLOS DE GUAROA,826,INSTITUCION EDUCATIVA GABRIEL GARCIA MARQUEZ,INSTITUCIÓN EDUCATIVA GABRIEL GARCIA MARQUEZ,SEDE PRINCIPAL GABRIEL GARCIA MARQUEZ,SEDE PRINCIPAL GABRIEL GARCIA MARQUEZ,CAJM/JT-RI,CAJM/JT-RI,OK
536,693,701,689,534,464,90,SAN CARLOS DE GUAROA,826,SAN CARLOS DE GUAROA,826,INSTITUCION EDUCATIVA GABRIEL GARCIA MARQUEZ,INSTITUCIÓN EDUCATIVA GABRIEL GARCIA MARQUEZ,SEDE PRINCIPAL GABRIEL GARCIA MARQUEZ,SEDE PRINCIPAL GABRIEL GARCIA MARQUEZ,CAARES,CAARES,OK
537,694,702,690,535,465,91,SAN CARLOS DE GUAROA,826,SAN CARLOS DE GUAROA,826,INSTITUCION EDUCATIVA ISABEL LA CATOLICA,INSTITUCIÓN EDUCATIVA ISABEL LA CATOLICA,SEDE PRINCIPAL ISABEL LA CATOLICA,SEDE PRINCIPAL ISABEL LA CATOLICA,CAJM/JT-RI,CAJM/JT-RI,OK
538,695,703,691,536,466,92,SAN CARLOS DE GUAROA,826,SAN CARLOS DE GUAROA,826,INSTITUCION EDUCATIVA SIMON BOLIVAR,INSTITUCIÓN EDUCATIVA SIMON BOLIVAR,SEDE PRINCIPAL SIMON BOLIVAR,SEDE PRINCIPAL SIMON BOLIVAR,CAJM/JT-RI,CAJM/JT-RI,OK
539,696,704,692,537,467,93,SAN JUAN DE ARAMA,851,SAN JUAN DE ARAMA,851,CENTRO EDUCATIVO FRANCISCO DE PAULA SANTANDER,CENTRO EDUCATIVO FRANCISCO DE PAULA SANTANDER,SEDE MESA DE FERNANDEZ,SEDE MESA DE FERNANDEZ,CAA,CAA,OK
540,697,705,693,538,468,93,SAN JUAN DE ARAMA,851,SAN JUAN DE ARAMA,851,CENTRO EDUCATIVO FRANCISCO DE PAULA SANTANDER,CENTRO EDUCATIVO FRANCISCO DE PAULA SANTANDER,SEDE PRINCIPAL FRANCISCO DE PAULA SANTANDER,SEDE PRINCIPAL FRANCISCO DE PAULA SANTANDER,CAA,CAA,OK
541,698,706,694,539,469,94,SAN JUAN DE ARAMA,851,SAN JUAN DE ARAMA,851,INSTITUCION EDUCATIVA MANACAL,INSTITUCIÓN EDUCATIVA MANACAL,SEDE BELLAVISTA,SEDE BELLAVISTA,CAJM/JT-RI,CAJM/JT-RI,OK
542,699,707,695,540,470,94,SAN JUAN DE ARAMA,851,SAN JUAN DE ARAMA,851,INSTITUCION EDUCATIVA MANACAL,INSTITUCIÓN EDUCATIVA MANACAL,SEDE BRASILIA,SEDE BRASILIA,CAJM/JT-RI,CAJM/JT-RI,OK
543,700,708,696,541,471,94,SAN JUAN DE ARAMA,851,SAN JUAN DE ARAMA,851,INSTITUCION EDUCATIVA MANACAL,INSTITUCIÓN EDUCATIVA MANACAL,SEDE CERRITOS,SEDE CERRITOS,CAJU-RI,CAJU-RI,OK
544,701,709,697,542,471,94,SAN JUAN DE ARAMA,851,SAN JUAN DE ARAMA,851,INSTITUCION EDUCATIVA MANACAL,INSTITUCIÓN EDUCATIVA MANACAL,SEDE CERRITOS,SEDE CERRITOS,CAA-JU,CAA-JU,OK
545,702,710,698,543,472,94,SAN JUAN DE ARAMA,851,SAN JUAN DE ARAMA,851,INSTITUCION EDUCATIVA MANACAL,INSTITUCIÓN EDUCATIVA MANACAL,SEDE JUAN BOSCO,SEDE JUAN BOSCO,CAJM/JT-RI,CAJM/JT-RI,OK
546,703,711,699,544,473,94,SAN JUAN DE ARAMA,851,SAN JUAN DE ARAMA,851,INSTITUCION EDUCATIVA MANACAL,INSTITUCIÓN EDUCATIVA MANACAL,SEDE PRINCIPAL MANACAL,SEDE PRINCIPAL MANACAL,CAJU-RI,CAJU-RI,OK
547,704,712,700,545,473,94,SAN JUAN DE ARAMA,851,SAN JUAN DE ARAMA,851,INSTITUCION EDUCATIVA MANACAL,INSTITUCIÓN EDUCATIVA MANACAL,SEDE PRINCIPAL MANACAL,SEDE PRINCIPAL MANACAL,CAA-JU,CAA-JU,OK
548,705,713,701,546,473,94,SAN JUAN DE ARAMA,851,SAN JUAN DE ARAMA,851,INSTITUCION EDUCATIVA MANACAL,INSTITUCIÓN EDUCATIVA MANACAL,SEDE PRINCIPAL MANACAL,SEDE PRINCIPAL MANACAL,CAARES,CAARES,OK
549,706,714,702,547,474,95,SAN JUAN DE ARAMA,851,SAN JUAN DE ARAMA,851,INSTITUCION EDUCATIVA SAN JUAN DE ARAMA,INSTITUCIÓN EDUCATIVA SAN JUAN DE ARAMA,SEDE LA LIBERTAD,SEDE LA LIBERTAD,CAJM/JT-RI,CAJM/JT-RI,OK
550,707,715,703,548,475,95,SAN JUAN DE ARAMA,851,SAN JUAN DE ARAMA,851,INSTITUCION EDUCATIVA SAN JUAN DE ARAMA,INSTITUCIÓN EDUCATIVA SAN JUAN DE ARAMA,SEDE PRINCIPAL SAN JUAN DE ARAMA,SEDE PRINCIPAL SAN JUAN DE ARAMA,CAA,CAA,OK
551,708,716,704,549,476,95,SAN JUAN DE ARAMA,851,SAN JUAN DE ARAMA,851,INSTITUCION EDUCATIVA SAN JUAN DE ARAMA,INSTITUCIÓN EDUCATIVA SAN JUAN DE ARAMA,SEDE SUBTENIENTE SATURNINO GUTIERREZ,SEDE SUBTENIENTE SATURNINO GUTIERREZ,CAA,CAA,OK
552,709,717,705,550,477,96,SAN JUANITO,857,SAN JUANITO,857,INSTITUCION EDUCATIVA JOHN F. KENNEDY,INSTITUCIÓN EDUCATIVA JOHN F KENNEDY,SEDE ANTONIO RICAURTE,SEDE ANTONIO RICAURTE,CAJM/JT-RI,CAJM/JT-RI,OK
553,710,718,706,551,478,96,SAN JUANITO,857,SAN JUANITO,857,INSTITUCION EDUCATIVA JOHN F. KENNEDY,INSTITUCIÓN EDUCATIVA JOHN F KENNEDY,SEDE LA CANDELARIA,SEDE LA CANDELARIA,CAJM/JT-RI,CAJM/JT-RI,OK
554,711,719,707,552,479,96,SAN JUANITO,857,SAN JUANITO,857,INSTITUCION EDUCATIVA JOHN F. KENNEDY,INSTITUCIÓN EDUCATIVA JOHN F KENNEDY,SEDE PRINCIPAL JOHN F. KENNEDY,SEDE PRINCIPAL JOHN F KENNEDY,CAJM/JT-RI,CAJM/JT-RI,OK
555,712,720,708,553,479,96,SAN JUANITO,857,SAN JUANITO,857,INSTITUCION EDUCATIVA JOHN F. KENNEDY,INSTITUCIÓN EDUCATIVA JOHN F KENNEDY,SEDE PRINCIPAL JOHN F. KENNEDY,SEDE PRINCIPAL JOHN F KENNEDY,CAARES,CAARES,OK
556,713,721,709,554,480,96,SAN JUANITO,857,SAN JUANITO,857,INSTITUCION EDUCATIVA JOHN F. KENNEDY,INSTITUCIÓN EDUCATIVA JOHN F KENNEDY,SEDE QUEBRADA BLANCA,SEDE QUEBRADA BLANCA,CAJM/JT-RI,CAJM/JT-RI,OK
557,714,722,710,555,481,96,SAN JUANITO,857,SAN JUANITO,857,INSTITUCION EDUCATIVA JOHN F. KENNEDY,INSTITUCIÓN EDUCATIVA JOHN F KENNEDY,SEDE SAN LUIS EL PLAN,SEDE SAN LUIS EL PLAN,CAJM/JT-RI,CAJM/JT-RI,OK
558,715,723,711,556,482,97,SAN LUIS DE CUBARRAL,861,SAN LUIS DE CUBARRAL,861,CENTRO EDUCATIVO DE CUBARRAL,CENTRO EDUCATIVO DE CUBARRAL,SEDE PRINCIPAL DE CUBARRAL,SEDE PRINCIPAL DE CUBARRAL,CAJM/JT-RI,CAJM/JT-RI,OK
559,716,724,712,557,482,97,SAN LUIS DE CUBARRAL,861,SAN LUIS DE CUBARRAL,861,CENTRO EDUCATIVO DE CUBARRAL,CENTRO EDUCATIVO DE CUBARRAL,SEDE PRINCIPAL DE CUBARRAL,SEDE PRINCIPAL DE CUBARRAL,CAARES,CAARES,OK
560,717,725,713,558,483,97,SAN LUIS DE CUBARRAL,861,SAN LUIS DE CUBARRAL,861,CENTRO EDUCATIVO DE CUBARRAL,CENTRO EDUCATIVO DE CUBARRAL,SEDE SAN CAYETANO,SEDE SAN CAYETANO,CAJM/JT-RI,CAJM/JT-RI,OK
561,718,726,714,559,484,98,SAN LUIS DE CUBARRAL,861,SAN LUIS DE CUBARRAL,861,INSTITUCION EDUCATIVA JOSE EUSTASIO RIVERA,INSTITUCIÓN EDUCATIVA JOSE EUSTASIO RIVERA,SEDE PRINCIPAL JOSE EUSTASIO RIVERA,SEDE PRINCIPAL JOSE EUSTASIO RIVERA,CAJM/JT-RI,CAJM/JT-RI,OK
562,719,727,715,560,485,99,SAN MARTÍN,867,SAN MARTÍN,867,CENTRO EDUCATIVO CAMOITA,CENTRO EDUCATIVO CAMOITA,SEDE PRINCIPAL CAMOITA,SEDE PRINCIPAL CAMOITA,CAJM/JT-RI,CAJM/JT-RI,OK
563,720,728,716,561,486,99,SAN MARTÍN,867,SAN MARTÍN,867,CENTRO EDUCATIVO CAMOITA,CENTRO EDUCATIVO CAMOITA,SEDE LA BENDICION,SEDE LA BENDICION,CAARES,CAARES,OK
564,721,729,717,562,487,99,SAN MARTÍN,867,SAN MARTÍN,867,CENTRO EDUCATIVO CAMOITA,CENTRO EDUCATIVO CAMOITA,SEDE LA CRISTALINA,SEDE LA CRISTALINA,CAARES,CAARES,OK
565,722,730,718,563,488,100,SAN MARTÍN,867,SAN MARTÍN,867,IE INTEGRADO DE SAN MARTIN,INSTITUCIÓN EDUCATIVA INTEGRADO DE SAN MARTIN,SEDE ANTONIO NARIÑO,SEDE ANTONIO NARINO,CAJM/JT-RI,CAJM/JT-RI,OK
566,723,731,719,564,489,100,SAN MARTÍN,867,SAN MARTÍN,867,IE INTEGRADO DE SAN MARTIN,INSTITUCIÓN EDUCATIVA INTEGRADO DE SAN MARTIN,SEDE ATANASIO GIRARDOT,SEDE ATANASIO GIRARDOT,CAJM/JT-RI,CAJM/JT-RI,OK
567,724,732,720,565,490,100,SAN MARTÍN,867,SAN MARTÍN,867,IE INTEGRADO DE SAN MARTIN,INSTITUCIÓN EDUCATIVA INTEGRADO DE SAN MARTIN,SEDE EL LIBERTADOR,SEDE EL LIBERTADOR,CAJM/JT-RI,CAJM/JT-RI,OK
568,725,733,721,566,491,100,SAN MARTÍN,867,SAN MARTÍN,867,IE INTEGRADO DE SAN MARTIN,INSTITUCIÓN EDUCATIVA INTEGRADO DE SAN MARTIN,SEDE ENRIQUE GALVEZ ALVAREZ,SEDE ENRIQUE GALVEZ ALVAREZ,CAJM/JT-RI,CAJM/JT-RI,OK
569,726,734,722,567,492,100,SAN MARTÍN,867,SAN MARTÍN,867,IE INTEGRADO DE SAN MARTIN,INSTITUCIÓN EDUCATIVA INTEGRADO DE SAN MARTIN,SEDE JUAN JOSE RONDON,SEDE JUAN JOSE RONDON,CAJM/JT-RI,CAJM/JT-RI,OK
570,727,735,723,568,493,100,SAN MARTÍN,867,SAN MARTÍN,867,IE INTEGRADO DE SAN MARTIN,INSTITUCIÓN EDUCATIVA INTEGRADO DE SAN MARTIN,SEDE PRINCIPAL INTEGRADO DE SAN MARTIN,SEDE PRINCIPAL INTEGRADO DE SAN MARTIN,CAJM/JT-RI,CAJM/JT-RI,OK
571,728,736,724,569,494,101,SAN MARTÍN,867,SAN MARTÍN,867,INSTITUCION EDUCATIVA IRACA,INSTITUCIÓN EDUCATIVA IRACA,SEDE CRISTOBAL COLON,SEDE CRISTOBAL COLON,CAJM/JT-RI,CAJM/JT-RI,OK
572,729,737,725,570,495,101,SAN MARTÍN,867,SAN MARTÍN,867,INSTITUCION EDUCATIVA IRACA,INSTITUCIÓN EDUCATIVA IRACA,SEDE EL BAMBU,SEDE EL BAMBU,CAJM/JT-RI,CAJM/JT-RI,OK
573,730,738,726,571,496,101,SAN MARTÍN,867,SAN MARTÍN,867,INSTITUCION EDUCATIVA IRACA,INSTITUCIÓN EDUCATIVA IRACA,SEDE EL TREINTA,SEDE EL TREINTA,CAJM/JT-RI,CAJM/JT-RI,OK
574,731,739,727,572,497,101,SAN MARTÍN,867,SAN MARTÍN,867,INSTITUCION EDUCATIVA IRACA,INSTITUCIÓN EDUCATIVA IRACA,SEDE LA REFORMA,SEDE LA REFORMA,CAJM/JT-RI,CAJM/JT-RI,OK
575,732,740,728,573,498,101,SAN MARTÍN,867,SAN MARTÍN,867,INSTITUCION EDUCATIVA IRACA,INSTITUCIÓN EDUCATIVA IRACA,SEDE MI CASITA BELLA,SEDE MI CASITA BELLA,CAJM/JT-RI,CAJM/JT-RI,OK
576,733,741,729,574,499,101,SAN MARTÍN,867,SAN MARTÍN,867,INSTITUCION EDUCATIVA IRACA,INSTITUCIÓN EDUCATIVA IRACA,SEDE PRINCIPAL IRACA,SEDE PRINCIPAL IRACA,CAJU-RI,CAJU-RI,OK
577,734,742,730,575,499,101,SAN MARTÍN,867,SAN MARTÍN,867,INSTITUCION EDUCATIVA IRACA,INSTITUCIÓN EDUCATIVA IRACA,SEDE PRINCIPAL IRACA,SEDE PRINCIPAL IRACA,CAA-JU,CAA-JU,OK
578,735,743,731,576,499,101,SAN MARTÍN,867,SAN MARTÍN,867,INSTITUCION EDUCATIVA IRACA,INSTITUCIÓN EDUCATIVA IRACA,SEDE PRINCIPAL IRACA,SEDE PRINCIPAL IRACA,CAARES,CAARES,OK
579,736,744,732,577,500,102,SAN MARTÍN,867,SAN MARTÍN,867,INSTITUCION EDUCATIVA MANUELA BELTRAN,INSTITUCIÓN EDUCATIVA MANUELA BELTRAN,SEDE ANTONIO RICAURTE,SEDE ANTONIO RICAURTE,CAJM/JT-RI,CAJM/JT-RI,OK
580,737,745,733,578,501,102,SAN MARTÍN,867,SAN MARTÍN,867,INSTITUCION EDUCATIVA MANUELA BELTRAN,INSTITUCIÓN EDUCATIVA MANUELA BELTRAN,SEDE LOS ANDES,SEDE LOS ANDES,CAJM/JT-RI,CAJM/JT-RI,OK
581,738,746,734,579,502,102,SAN MARTÍN,867,SAN MARTÍN,867,INSTITUCION EDUCATIVA MANUELA BELTRAN,INSTITUCIÓN EDUCATIVA MANUELA BELTRAN,SEDE PRINCIPAL MANUELA BELTRAN,SEDE PRINCIPAL MANUELA BELTRAN,CAJM/JT-RI,CAJM/JT-RI,OK
582,739,747,735,580,503,102,SAN MARTÍN,867,SAN MARTÍN,867,INSTITUCION EDUCATIVA MANUELA BELTRAN,INSTITUCIÓN EDUCATIVA MANUELA BELTRAN,SEDE RAUL DE OLIVEIRA,SEDE RAUL DE OLIVEIRA,CAJM/JT-RI,CAJM/JT-RI,OK
583,740,748,736,581,504,103,URIBE,1054,URIBE,1054,CENTRO EDUCATIVO EL DIVISO,CENTRO EDUCATIVO EL DIVISO,SEDE PRINCIPAL EL DIVISO,SEDE PRINCIPAL EL DIVISO,CAA,CAA,OK
584,741,749,737,582,505,103,URIBE,1054,URIBE,1054,CENTRO EDUCATIVO EL DIVISO,CENTRO EDUCATIVO EL DIVISO,SEDE CANDILEJAS,SEDE CANDILEJAS,CAA,CAA,OK
585,742,750,738,583,506,103,URIBE,1054,URIBE,1054,CENTRO EDUCATIVO EL DIVISO,CENTRO EDUCATIVO EL DIVISO,SEDE EL GUAYABERO,SEDE EL GUAYABERO,CAJM/JT-RI,CAJM/JT-RI,OK
586,743,751,739,584,507,103,URIBE,1054,URIBE,1054,CENTRO EDUCATIVO EL DIVISO,CENTRO EDUCATIVO EL DIVISO,SEDE EL PARAISO,SEDE EL PARAISO,CAA,CAA,OK
587,744,752,740,585,508,103,URIBE,1054,URIBE,1054,CENTRO EDUCATIVO EL DIVISO,CENTRO EDUCATIVO EL DIVISO,SEDE EL PROGRESO,SEDE EL PROGRESO,CAJM/JT-RI,CAJM/JT-RI,OK
588,745,753,741,586,509,103,URIBE,1054,URIBE,1054,CENTRO EDUCATIVO EL DIVISO,CENTRO EDUCATIVO EL DIVISO,SEDE EL SALITRE,SEDE EL SALITRE,CAJM/JT-RI,CAJM/JT-RI,OK
589,746,754,742,587,510,103,URIBE,1054,URIBE,1054,CENTRO EDUCATIVO EL DIVISO,CENTRO EDUCATIVO EL DIVISO,SEDE GAVIOTAS,SEDE GAVIOTAS,CAJM/JT-RI,CAJM/JT-RI,OK
590,747,755,743,588,511,103,URIBE,1054,URIBE,1054,CENTRO EDUCATIVO EL DIVISO,CENTRO EDUCATIVO EL DIVISO,SEDE LA ARGELIA,SEDE LA ARGELIA,CAA,CAA,OK
591,748,756,744,589,512,103,URIBE,1054,URIBE,1054,CENTRO EDUCATIVO EL DIVISO,CENTRO EDUCATIVO EL DIVISO,SEDE SAN CARLOS,SEDE SAN CARLOS,CAA,CAA,OK
592,749,757,745,590,513,103,URIBE,1054,URIBE,1054,CENTRO EDUCATIVO EL DIVISO,CENTRO EDUCATIVO EL DIVISO,SEDE SANTANDER,SEDE SANTANDER,CAJM/JT-RI,CAJM/JT-RI,OK
593,750,758,746,591,514,103,URIBE,1054,URIBE,1054,CENTRO EDUCATIVO EL DIVISO,CENTRO EDUCATIVO EL DIVISO,SEDE EL EDEN,SEDE EL EDEN,CAA,CAA,OK
594,751,759,747,592,515,103,URIBE,1054,URIBE,1054,CENTRO EDUCATIVO EL DIVISO,CENTRO EDUCATIVO EL DIVISO,SEDE LA UNION,SEDE LA UNION,CAA,CAA,OK
595,752,760,748,593,516,103,URIBE,1054,URIBE,1054,CENTRO EDUCATIVO EL DIVISO,CENTRO EDUCATIVO EL DIVISO,SEDE EL TIGRE,SEDE EL TIGRE,CAJM/JT-RI,CAJM/JT-RI,OK
596,753,761,749,594,517,104,URIBE,1054,URIBE,1054,INSTITUCION EDUCATIVA LA JULIA,INSTITUCIÓN EDUCATIVA LA JULIA,SEDE ALTO DUDA,SEDE ALTO DUDA,CAJM/JT-RI,CAJM/JT-RI,OK
597,754,762,750,595,518,104,URIBE,1054,URIBE,1054,INSTITUCION EDUCATIVA LA JULIA,INSTITUCIÓN EDUCATIVA LA JULIA,SEDE BAJA ESTRELLA,SEDE BAJA ESTRELLA,CAJM/JT-RI,CAJM/JT-RI,OK
598,755,763,751,596,519,104,URIBE,1054,URIBE,1054,INSTITUCION EDUCATIVA LA JULIA,INSTITUCIÓN EDUCATIVA LA JULIA,SEDE BUENOS AIRES,SEDE BUENOS AIRES,CAJM/JT-RI,CAJM/JT-RI,OK
599,756,764,752,597,520,104,URIBE,1054,URIBE,1054,INSTITUCION EDUCATIVA LA JULIA,INSTITUCIÓN EDUCATIVA LA JULIA,SEDE EL PLACER,SEDE EL PLACER,CAA,CAA,OK
600,757,765,753,598,521,104,URIBE,1054,URIBE,1054,INSTITUCION EDUCATIVA LA JULIA,INSTITUCIÓN EDUCATIVA LA JULIA,SEDE EL RESGUARDO,SEDE EL RESGUARDO,CAJM/JT-RI,CAJM/JT-RI,OK
601,758,766,754,599,522,104,URIBE,1054,URIBE,1054,INSTITUCION EDUCATIVA LA JULIA,INSTITUCIÓN EDUCATIVA LA JULIA,SEDE EL TRIUNFO,SEDE EL TRIUNFO,CAJM/JT-RI,CAJM/JT-RI,OK
602,759,767,755,600,523,104,URIBE,1054,URIBE,1054,INSTITUCION EDUCATIVA LA JULIA,INSTITUCIÓN EDUCATIVA LA JULIA,SEDE ESPELDA,SEDE ESPELDA,CAJM/JT-RI,CAJM/JT-RI,OK
603,760,768,756,601,524,104,URIBE,1054,URIBE,1054,INSTITUCION EDUCATIVA LA JULIA,INSTITUCIÓN EDUCATIVA LA JULIA,SEDE JUAN LEON,SEDE JUAN LEON,CAARES,CAARES,OK
604,761,769,757,602,525,104,URIBE,1054,URIBE,1054,INSTITUCION EDUCATIVA LA JULIA,INSTITUCIÓN EDUCATIVA LA JULIA,SEDE LA AMISTAD,SEDE LA AMISTAD,CAJM/JT-RI,CAJM/JT-RI,OK
605,762,770,758,603,526,104,URIBE,1054,URIBE,1054,INSTITUCION EDUCATIVA LA JULIA,INSTITUCIÓN EDUCATIVA LA JULIA,SEDE LA BELLEZA,SEDE LA BELLEZA,CAJM/JT-RI,CAJM/JT-RI,OK
606,763,771,759,604,527,104,URIBE,1054,URIBE,1054,INSTITUCION EDUCATIVA LA JULIA,INSTITUCIÓN EDUCATIVA LA JULIA,SEDE LA CHAMUZA,SEDE LA CHAMUZA,CAJM/JT-RI,CAJM/JT-RI,OK
607,764,772,760,605,528,104,URIBE,1054,URIBE,1054,INSTITUCION EDUCATIVA LA JULIA,INSTITUCIÓN EDUCATIVA LA JULIA,SEDE LA PALESTINA,SEDE LA PALESTINA,CAJM/JT-RI,CAJM/JT-RI,OK
608,765,773,761,606,529,104,URIBE,1054,URIBE,1054,INSTITUCION EDUCATIVA LA JULIA,INSTITUCIÓN EDUCATIVA LA JULIA,SEDE LA PISTA,SEDE LA PISTA,CAA,CAA,OK
609,766,774,762,607,530,104,URIBE,1054,URIBE,1054,INSTITUCION EDUCATIVA LA JULIA,INSTITUCIÓN EDUCATIVA LA JULIA,SEDE LA PRIMAVERA,SEDE LA PRIMAVERA,CAA,CAA,OK
610,767,775,763,608,531,104,URIBE,1054,URIBE,1054,INSTITUCION EDUCATIVA LA JULIA,INSTITUCIÓN EDUCATIVA LA JULIA,SEDE LA SIRIA,SEDE LA SIRIA,CAJM/JT-RI,CAJM/JT-RI,OK
611,768,776,764,609,532,104,URIBE,1054,URIBE,1054,INSTITUCION EDUCATIVA LA JULIA,INSTITUCIÓN EDUCATIVA LA JULIA,SEDE LAS ROSAS,SEDE LAS ROSAS,CAJM/JT-RI,CAJM/JT-RI,OK
612,769,777,765,610,533,104,URIBE,1054,URIBE,1054,INSTITUCION EDUCATIVA LA JULIA,INSTITUCIÓN EDUCATIVA LA JULIA,SEDE MANSITAS,SEDE MANSITAS,CAJM/JT-RI,CAJM/JT-RI,OK
613,770,778,766,611,534,104,URIBE,1054,URIBE,1054,INSTITUCION EDUCATIVA LA JULIA,INSTITUCIÓN EDUCATIVA LA JULIA,SEDE MONTEALEGRE,SEDE MONTEALEGRE,CAJM/JT-RI,CAJM/JT-RI,OK
614,771,779,767,612,535,104,URIBE,1054,URIBE,1054,INSTITUCION EDUCATIVA LA JULIA,INSTITUCIÓN EDUCATIVA LA JULIA,SEDE PALMAR BAJO,SEDE PALMAR BAJO,CAJM/JT-RI,CAJM/JT-RI,OK
615,772,780,768,613,536,104,URIBE,1054,URIBE,1054,INSTITUCION EDUCATIVA LA JULIA,INSTITUCIÓN EDUCATIVA LA JULIA,SEDE PAUJIL,SEDE PAUJIL,CAJM/JT-RI,CAJM/JT-RI,OK
616,773,781,769,614,537,104,URIBE,1054,URIBE,1054,INSTITUCION EDUCATIVA LA JULIA,INSTITUCIÓN EDUCATIVA LA JULIA,SEDE PRINCIPAL LA JULIA,SEDE PRINCIPAL LA JULIA,CAJM/JT-RI,CAJM/JT-RI,OK
617,774,782,770,615,537,104,URIBE,1054,URIBE,1054,INSTITUCION EDUCATIVA LA JULIA,INSTITUCIÓN EDUCATIVA LA JULIA,SEDE PRINCIPAL LA JULIA,SEDE PRINCIPAL LA JULIA,CAARES,CAARES,OK
618,775,783,771,616,538,104,URIBE,1054,URIBE,1054,INSTITUCION EDUCATIVA LA JULIA,INSTITUCIÓN EDUCATIVA LA JULIA,SEDE SIRIA BAJA,SEDE SIRIA BAJA,CAJM/JT-RI,CAJM/JT-RI,OK
619,776,784,772,617,539,104,URIBE,1054,URIBE,1054,INSTITUCION EDUCATIVA LA JULIA,INSTITUCIÓN EDUCATIVA LA JULIA,SEDE TIERRADENTRO,SEDE TIERRADENTRO,CAJM/JT-RI,CAJM/JT-RI,OK
620,777,785,773,618,540,104,URIBE,1054,URIBE,1054,INSTITUCION EDUCATIVA LA JULIA,INSTITUCIÓN EDUCATIVA LA JULIA,TIERRADENTRO BAJO,TIERRADENTRO BAJO,CAJM/JT-RI,CAJM/JT-RI,OK
621,778,786,774,619,541,104,URIBE,1054,URIBE,1054,INSTITUCION EDUCATIVA LA JULIA,INSTITUCIÓN EDUCATIVA LA JULIA,LA PAZ,LA PAZ,CAJM/JT-RI,CAJM/JT-RI,OK
622,779,787,775,620,542,105,URIBE,1054,URIBE,1054,INSTITUCION EDUCATIVA RAFAEL URIBE URIBE,INSTITUCIÓN EDUCATIVA RAFAEL URIBE URIBE,SEDE RAFAEL URIBE URIBE PRIMARIA,SEDE RAFAEL URIBE URIBE PRIMARIA,CAJM/JT-RI,CAJM/JT-RI,OK
623,780,788,776,621,543,105,URIBE,1054,URIBE,1054,INSTITUCION EDUCATIVA RAFAEL URIBE URIBE,INSTITUCIÓN EDUCATIVA RAFAEL URIBE URIBE,SEDE PRINCIPAL RAFAEL URIBE URIBE,SEDE PRINCIPAL RAFAEL URIBE URIBE,CAJM/JT-RI,CAJM/JT-RI,OK
624,781,789,777,622,543,105,URIBE,1054,URIBE,1054,INSTITUCION EDUCATIVA RAFAEL URIBE URIBE,INSTITUCIÓN EDUCATIVA RAFAEL URIBE URIBE,SEDE PRINCIPAL RAFAEL URIBE URIBE,SEDE PRINCIPAL RAFAEL URIBE URIBE,CAARES,CAARES,OK
625,782,790,778,623,544,105,URIBE,1054,URIBE,1054,INSTITUCION EDUCATIVA RAFAEL URIBE URIBE,INSTITUCIÓN EDUCATIVA RAFAEL URIBE URIBE,SEDE ALTO DIAMANTE,SEDE ALTO DIAMANTE,CAJM/JT-RI,CAJM/JT-RI,OK
626,783,791,779,624,545,105,URIBE,1054,URIBE,1054,INSTITUCION EDUCATIVA RAFAEL URIBE URIBE,INSTITUCIÓN EDUCATIVA RAFAEL URIBE URIBE,SEDE EL MIRADOR,SEDE EL MIRADOR,CAJM/JT-RI,CAJM/JT-RI,OK
627,784,792,780,625,546,105,URIBE,1054,URIBE,1054,INSTITUCION EDUCATIVA RAFAEL URIBE URIBE,INSTITUCIÓN EDUCATIVA RAFAEL URIBE URIBE,SEDE EL VERGEL,SEDE EL VERGEL,CAA,CAA,OK
628,785,793,781,626,547,105,URIBE,1054,URIBE,1054,INSTITUCION EDUCATIVA RAFAEL URIBE URIBE,INSTITUCIÓN EDUCATIVA RAFAEL URIBE URIBE,SEDE EXPLANACIoN,SEDE EXPLANACION,CAJM/JT-RI,CAJM/JT-RI,OK
629,786,794,782,627,548,105,URIBE,1054,URIBE,1054,INSTITUCION EDUCATIVA RAFAEL URIBE URIBE,INSTITUCIÓN EDUCATIVA RAFAEL URIBE URIBE,SEDE LA GAITANA,SEDE LA GAITANA,CAJM/JT-RI,CAJM/JT-RI,OK
630,787,795,783,628,549,105,URIBE,1054,URIBE,1054,INSTITUCION EDUCATIVA RAFAEL URIBE URIBE,INSTITUCIÓN EDUCATIVA RAFAEL URIBE URIBE,SEDE LA LIBERTAD,SEDE LA LIBERTAD,CAA,CAA,OK
631,788,796,784,629,550,105,URIBE,1054,URIBE,1054,INSTITUCION EDUCATIVA RAFAEL URIBE URIBE,INSTITUCIÓN EDUCATIVA RAFAEL URIBE URIBE,SEDE LOS PLANES,SEDE LOS PLANES,CAJM/JT-RI,CAJM/JT-RI,OK
632,789,797,785,630,551,105,URIBE,1054,URIBE,1054,INSTITUCION EDUCATIVA RAFAEL URIBE URIBE,INSTITUCIÓN EDUCATIVA RAFAEL URIBE URIBE,SEDE PAPAMENE,SEDE PAPAMENE,CAJM/JT-RI,CAJM/JT-RI,OK
633,790,798,786,631,552,105,URIBE,1054,URIBE,1054,INSTITUCION EDUCATIVA RAFAEL URIBE URIBE,INSTITUCIÓN EDUCATIVA RAFAEL URIBE URIBE,SEDE VERSALLES,SEDE VERSALLES,CAJM/JT-RI,CAJM/JT-RI,OK
634,791,799,787,632,553,105,URIBE,1054,URIBE,1054,INSTITUCION EDUCATIVA RAFAEL URIBE URIBE,INSTITUCIÓN EDUCATIVA RAFAEL URIBE URIBE,SEDE YAVIA,SEDE YAVIA,CAJM/JT-RI,CAJM/JT-RI,OK
635,792,800,788,633,554,106,VISTAHERMOSA,1101,VISTAHERMOSA,1101,INSTITUCION EDUCATIVA GABRIELA MISTRAL,INSTITUCIÓN EDUCATIVA GABRIELA MISTRAL,SEDE ALTO CANAGUAY,SEDE ALTO CANAGUAY,CAJM/JT-RI,CAJM/JT-RI,OK
636,793,801,789,634,555,106,VISTAHERMOSA,1101,VISTAHERMOSA,1101,INSTITUCION EDUCATIVA GABRIELA MISTRAL,INSTITUCIÓN EDUCATIVA GABRIELA MISTRAL,SEDE ALTO DELICIAS,SEDE ALTO DELICIAS,CAJM/JT-RI,CAJM/JT-RI,OK
637,794,802,790,635,556,106,VISTAHERMOSA,1101,VISTAHERMOSA,1101,INSTITUCION EDUCATIVA GABRIELA MISTRAL,INSTITUCIÓN EDUCATIVA GABRIELA MISTRAL,SEDE ALTO GUAIMI,SEDE ALTO GUAIMI,CAJM/JT-RI,CAJM/JT-RI,OK
638,795,803,791,636,557,106,VISTAHERMOSA,1101,VISTAHERMOSA,1101,INSTITUCION EDUCATIVA GABRIELA MISTRAL,INSTITUCIÓN EDUCATIVA GABRIELA MISTRAL,SEDE CAÑO MADROÑO,SEDE CANO MADRONO,CAJM/JT-RI,CAJM/JT-RI,OK
639,796,804,792,637,558,106,VISTAHERMOSA,1101,VISTAHERMOSA,1101,INSTITUCION EDUCATIVA GABRIELA MISTRAL,INSTITUCIÓN EDUCATIVA GABRIELA MISTRAL,SEDE EL LAUREL,SEDE EL LAUREL,CAJM/JT-RI,CAJM/JT-RI,OK
640,797,805,793,638,559,106,VISTAHERMOSA,1101,VISTAHERMOSA,1101,INSTITUCION EDUCATIVA GABRIELA MISTRAL,INSTITUCIÓN EDUCATIVA GABRIELA MISTRAL,SEDE GUAIMARAL,SEDE GUAIMARAL,CAJM/JT-RI,CAJM/JT-RI,OK
641,798,806,794,639,560,106,VISTAHERMOSA,1101,VISTAHERMOSA,1101,INSTITUCION EDUCATIVA GABRIELA MISTRAL,INSTITUCIÓN EDUCATIVA GABRIELA MISTRAL,SEDE LA ARGENTINA,SEDE LA ARGENTINA,CAJM/JT-RI,CAJM/JT-RI,OK
642,799,807,795,640,561,106,VISTAHERMOSA,1101,VISTAHERMOSA,1101,INSTITUCION EDUCATIVA GABRIELA MISTRAL,INSTITUCIÓN EDUCATIVA GABRIELA MISTRAL,SEDE LA CABAÑA,SEDE LA CABANA,CAJM/JT-RI,CAJM/JT-RI,OK
643,800,808,796,641,562,106,VISTAHERMOSA,1101,VISTAHERMOSA,1101,INSTITUCION EDUCATIVA GABRIELA MISTRAL,INSTITUCIÓN EDUCATIVA GABRIELA MISTRAL,SEDE LA ESPAÑOLA,SEDE LA ESPANOLA,CAJM/JT-RI,CAJM/JT-RI,OK
644,801,809,797,642,563,106,VISTAHERMOSA,1101,VISTAHERMOSA,1101,INSTITUCION EDUCATIVA GABRIELA MISTRAL,INSTITUCIÓN EDUCATIVA GABRIELA MISTRAL,SEDE PRINCIPAL GABRIELA MISTRAL,SEDE PRINCIPAL GABRIELA MISTRAL,CAA-JU,CAA-JU,OK
645,802,810,798,643,563,106,VISTAHERMOSA,1101,VISTAHERMOSA,1101,INSTITUCION EDUCATIVA GABRIELA MISTRAL,INSTITUCIÓN EDUCATIVA GABRIELA MISTRAL,SEDE PRINCIPAL GABRIELA MISTRAL,SEDE PRINCIPAL GABRIELA MISTRAL,CAJU-RI,CAJU-RI,OK
646,803,811,799,644,564,106,VISTAHERMOSA,1101,VISTAHERMOSA,1101,INSTITUCION EDUCATIVA GABRIELA MISTRAL,INSTITUCIÓN EDUCATIVA GABRIELA MISTRAL,SEDE SIMON BOLIVAR,SEDE SIMON BOLIVAR,CAJM/JT-RI,CAJM/JT-RI,OK
647,804,812,800,645,565,107,VISTAHERMOSA,1101,VISTAHERMOSA,1101,INSTITUCION EDUCATIVA LOS CENTAUROS,INSTITUCIÓN EDUCATIVA LOS CENTAUROS,SEDE LA ESPERANZA,SEDE LA ESPERANZA,CAJM/JT-RI,CAJM/JT-RI,OK
648,805,813,801,646,566,107,VISTAHERMOSA,1101,VISTAHERMOSA,1101,INSTITUCION EDUCATIVA LOS CENTAUROS,INSTITUCIÓN EDUCATIVA LOS CENTAUROS,SEDE NUEVO HORIZONTE,SEDE NUEVO HORIZONTE,CAJM/JT-RI,CAJM/JT-RI,OK
649,806,814,802,647,567,107,VISTAHERMOSA,1101,VISTAHERMOSA,1101,INSTITUCION EDUCATIVA LOS CENTAUROS,INSTITUCIÓN EDUCATIVA LOS CENTAUROS,SEDE PRINCIPAL LOS CENTAUROS,SEDE PRINCIPAL LOS CENTAUROS,CAJM/JT-RI,CAJM/JT-RI,OK
650,807,815,803,648,568,107,VISTAHERMOSA,1101,VISTAHERMOSA,1101,INSTITUCION EDUCATIVA LOS CENTAUROS,INSTITUCIÓN EDUCATIVA LOS CENTAUROS,SEDE VENCEDORES DEL VARGAS,SEDE VENCEDORES DEL VARGAS,CAA,CAA,OK
651,808,816,804,649,569,108,VISTAHERMOSA,1101,VISTAHERMOSA,1101,INSTITUCION EDUCATIVA PEDRO NEL JIMENEZ OBANDO,INSTITUCIÓN EDUCATIVA PEDRO NEL JIMENEZ OBANDO,SEDE CAÑO AMARILLO,SEDE CANO AMARILLO,CAA,CAA,OK
652,809,817,805,650,570,108,VISTAHERMOSA,1101,VISTAHERMOSA,1101,INSTITUCION EDUCATIVA PEDRO NEL JIMENEZ OBANDO,INSTITUCIÓN EDUCATIVA PEDRO NEL JIMENEZ OBANDO,SEDE GUAPAYA BAJO,SEDE GUAPAYA BAJO,CAJM/JT-RI,CAJM/JT-RI,OK
653,810,818,806,651,571,108,VISTAHERMOSA,1101,VISTAHERMOSA,1101,INSTITUCION EDUCATIVA PEDRO NEL JIMENEZ OBANDO,INSTITUCIÓN EDUCATIVA PEDRO NEL JIMENEZ OBANDO,SEDE GUAPAYA MEDIO,SEDE GUAPAYA MEDIO,CAJM/JT-RI,CAJM/JT-RI,OK
654,811,819,807,652,572,108,VISTAHERMOSA,1101,VISTAHERMOSA,1101,INSTITUCION EDUCATIVA PEDRO NEL JIMENEZ OBANDO,INSTITUCIÓN EDUCATIVA PEDRO NEL JIMENEZ OBANDO,SEDE MELENDEZ ANGEL,SEDE MELENDEZ ANGEL,CAJM/JT-RI,CAJM/JT-RI,OK
655,812,820,808,653,573,108,VISTAHERMOSA,1101,VISTAHERMOSA,1101,INSTITUCION EDUCATIVA PEDRO NEL JIMENEZ OBANDO,INSTITUCIÓN EDUCATIVA PEDRO NEL JIMENEZ OBANDO,SEDE PRINCIPAL PEDRO NEL JIMENEZ OBANDO,SEDE PRINCIPAL PEDRO NEL JIMENEZ OBANDO,CAA,CAA,OK
656,813,821,809,654,573,108,VISTAHERMOSA,1101,VISTAHERMOSA,1101,INSTITUCION EDUCATIVA PEDRO NEL JIMENEZ OBANDO,INSTITUCIÓN EDUCATIVA PEDRO NEL JIMENEZ OBANDO,SEDE PRINCIPAL PEDRO NEL JIMENEZ OBANDO,SEDE PRINCIPAL PEDRO NEL JIMENEZ OBANDO,CAARES,CAARES,OK
657,814,822,810,655,574,109,VISTAHERMOSA,1101,VISTAHERMOSA,1101,INSTITUCION EDUCATIVA RAMÓN ARROYAVE,INSTITUCIÓN EDUCATIVA RAMON ARROYAVE,SEDE ALTO BUENOS AIRES,SEDE ALTO BUENOS AIRES,CAJM/JT-RI,CAJM/JT-RI,OK
658,815,823,811,656,575,109,VISTAHERMOSA,1101,VISTAHERMOSA,1101,INSTITUCION EDUCATIVA RAMÓN ARROYAVE,INSTITUCIÓN EDUCATIVA RAMON ARROYAVE,SEDE ALTO GUAPAYA,SEDE ALTO GUAPAYA,CAJM/JT-RI,CAJM/JT-RI,OK
659,816,824,812,657,576,109,VISTAHERMOSA,1101,VISTAHERMOSA,1101,INSTITUCION EDUCATIVA RAMÓN ARROYAVE,INSTITUCIÓN EDUCATIVA RAMON ARROYAVE,SEDE BUENOS AIRES,SEDE BUENOS AIRES,CAA,CAA,OK
660,817,825,813,658,577,109,VISTAHERMOSA,1101,VISTAHERMOSA,1101,INSTITUCION EDUCATIVA RAMÓN ARROYAVE,INSTITUCIÓN EDUCATIVA RAMON ARROYAVE,SEDE CAÑO VEINTE,SEDE CANO VEINTE,CAJM/JT-RI,CAJM/JT-RI,OK
661,818,826,814,659,578,109,VISTAHERMOSA,1101,VISTAHERMOSA,1101,INSTITUCION EDUCATIVA RAMÓN ARROYAVE,INSTITUCIÓN EDUCATIVA RAMON ARROYAVE,SEDE LA ALBANIA,SEDE LA ALBANIA,CAA,CAA,OK
662,819,827,815,660,579,109,VISTAHERMOSA,1101,VISTAHERMOSA,1101,INSTITUCION EDUCATIVA RAMÓN ARROYAVE,INSTITUCIÓN EDUCATIVA RAMON ARROYAVE,SEDE PRINCIPAL LA PALESTINA,SEDE PRINCIPAL LA PALESTINA,CAA,CAA,OK
663,820,828,816,661,579,109,VISTAHERMOSA,1101,VISTAHERMOSA,1101,INSTITUCION EDUCATIVA RAMÓN ARROYAVE,INSTITUCIÓN EDUCATIVA RAMON ARROYAVE,SEDE PRINCIPAL LA PALESTINA,SEDE PRINCIPAL LA PALESTINA,CAARES,CAARES,OK
664,821,829,817,662,580,109,VISTAHERMOSA,1101,VISTAHERMOSA,1101,INSTITUCION EDUCATIVA RAMÓN ARROYAVE,INSTITUCIÓN EDUCATIVA RAMON ARROYAVE,SEDE EL PORVENIR,SEDE EL PORVENIR,CAJM/JT-RI,CAJM/JT-RI,OK
665,822,830,818,663,581,109,VISTAHERMOSA,1101,VISTAHERMOSA,1101,INSTITUCION EDUCATIVA RAMÓN ARROYAVE,INSTITUCIÓN EDUCATIVA RAMON ARROYAVE,SEDE LA CRISTALINA,SEDE LA CRISTALINA,CAJM/JT-RI,CAJM/JT-RI,OK
666,823,831,819,664,582,110,VISTAHERMOSA,1101,VISTAHERMOSA,1101,INSTITUCION EDUCATIVA SANTO DOMINGO,INSTITUCIÓN EDUCATIVA SANTO DOMINGO,SEDE AGUALINDA,SEDE AGUALINDA,CAJM/JT-RI,CAJM/JT-RI,OK
667,824,832,820,665,583,110,VISTAHERMOSA,1101,VISTAHERMOSA,1101,INSTITUCION EDUCATIVA SANTO DOMINGO,INSTITUCIÓN EDUCATIVA SANTO DOMINGO,SEDE CAÑO DIAMANTE,SEDE CANO DIAMANTE,CAJM/JT-RI,CAJM/JT-RI,OK
668,825,833,821,666,584,110,VISTAHERMOSA,1101,VISTAHERMOSA,1101,INSTITUCION EDUCATIVA SANTO DOMINGO,INSTITUCIÓN EDUCATIVA SANTO DOMINGO,SEDE EL DORADO,SEDE EL DORADO,CAJM/JT-RI,CAJM/JT-RI,OK
669,826,834,822,667,585,110,VISTAHERMOSA,1101,VISTAHERMOSA,1101,INSTITUCION EDUCATIVA SANTO DOMINGO,INSTITUCIÓN EDUCATIVA SANTO DOMINGO,SEDE EL ENCANTO,SEDE EL ENCANTO,CAJM/JT-RI,CAJM/JT-RI,OK
670,827,835,823,668,586,110,VISTAHERMOSA,1101,VISTAHERMOSA,1101,INSTITUCION EDUCATIVA SANTO DOMINGO,INSTITUCIÓN EDUCATIVA SANTO DOMINGO,SEDE EL RECREO,SEDE EL RECREO,CAJM/JT-RI,CAJM/JT-RI,OK
671,828,836,824,669,587,110,VISTAHERMOSA,1101,VISTAHERMOSA,1101,INSTITUCION EDUCATIVA SANTO DOMINGO,INSTITUCIÓN EDUCATIVA SANTO DOMINGO,SEDE EL VERGEL,SEDE EL VERGEL,CAJM/JT-RI,CAJM/JT-RI,OK
672,829,837,825,670,588,110,VISTAHERMOSA,1101,VISTAHERMOSA,1101,INSTITUCION EDUCATIVA SANTO DOMINGO,INSTITUCIÓN EDUCATIVA SANTO DOMINGO,SEDE LA REFORMA,SEDE LA REFORMA,CAJM/JT-RI,CAJM/JT-RI,OK
673,830,838,826,671,589,110,VISTAHERMOSA,1101,VISTAHERMOSA,1101,INSTITUCION EDUCATIVA SANTO DOMINGO,INSTITUCIÓN EDUCATIVA SANTO DOMINGO,SEDE LA SIBERIA,SEDE LA SIBERIA,CAJM/JT-RI,CAJM/JT-RI,OK
674,831,839,827,672,590,110,VISTAHERMOSA,1101,VISTAHERMOSA,1101,INSTITUCION EDUCATIVA SANTO DOMINGO,INSTITUCIÓN EDUCATIVA SANTO DOMINGO,SEDE LAS PALMERAS,SEDE LAS PALMERAS,CAJM/JT-RI,CAJM/JT-RI,OK
675,832,840,828,673,591,110,VISTAHERMOSA,1101,VISTAHERMOSA,1101,INSTITUCION EDUCATIVA SANTO DOMINGO,INSTITUCIÓN EDUCATIVA SANTO DOMINGO,SEDE LOMA LINDA,SEDE LOMA LINDA,CAJM/JT-RI,CAJM/JT-RI,OK
676,833,841,829,674,592,110,VISTAHERMOSA,1101,VISTAHERMOSA,1101,INSTITUCION EDUCATIVA SANTO DOMINGO,INSTITUCIÓN EDUCATIVA SANTO DOMINGO,SEDE PRINCIPAL SANTO DOMINGO,SEDE PRINCIPAL SANTO DOMINGO,CAA,CAA,OK
677,834,842,830,675,593,110,VISTAHERMOSA,1101,VISTAHERMOSA,1101,INSTITUCION EDUCATIVA SANTO DOMINGO,INSTITUCIÓN EDUCATIVA SANTO DOMINGO,SEDE NUEVA COLOMBIA,SEDE NUEVA COLOMBIA,CAA,CAA,OK
678,835,843,831,676,594,110,VISTAHERMOSA,1101,VISTAHERMOSA,1101,INSTITUCION EDUCATIVA SANTO DOMINGO,INSTITUCIÓN EDUCATIVA SANTO DOMINGO,SEDE TERCER MILENIO,SEDE TERCER MILENIO,CAJM/JT-RI,CAJM/JT-RI,OK
679,836,844,832,677,595,111,VISTAHERMOSA,1101,VISTAHERMOSA,1101,CENTRO EDUCATIVO PUERTO LUCAS MARGEN DERECHA,CENTRO EDUCATIVO PUERTO LUCAS MARGEN DERECHA,SEDE PRINCIPAL PUERTO LUCAS MARGEN DERECHA,SEDE PRINCIPAL PUERTO LUCAS MARGEN DERECHA,CAJM/JT-RI,CAJM/JT-RI,OK
680,837,845,833,678,596,111,VISTAHERMOSA,1101,VISTAHERMOSA,1101,CENTRO EDUCATIVO PUERTO LUCAS MARGEN DERECHA,CENTRO EDUCATIVO PUERTO LUCAS MARGEN DERECHA,SEDE COSTA RICA,SEDE COSTA RICA,CAA,CAA,OK
681,838,846,834,679,597,111,VISTAHERMOSA,1101,VISTAHERMOSA,1101,CENTRO EDUCATIVO PUERTO LUCAS MARGEN DERECHA,CENTRO EDUCATIVO PUERTO LUCAS MARGEN DERECHA,SEDE LA MARINA,SEDE LA MARINA,CAJM/JT-RI,CAJM/JT-RI,OK
682,839,847,835,680,598,111,VISTAHERMOSA,1101,VISTAHERMOSA,1101,CENTRO EDUCATIVO PUERTO LUCAS MARGEN DERECHA,CENTRO EDUCATIVO PUERTO LUCAS MARGEN DERECHA,SEDE TROCHA LA VEINTISEIS,SEDE TROCHA LA VEINTISEIS,CAJM/JT-RI,CAJM/JT-RI,OK
683,840,848,836,681,599,111,VISTAHERMOSA,1101,VISTAHERMOSA,1101,CENTRO EDUCATIVO PUERTO LUCAS MARGEN DERECHA,CENTRO EDUCATIVO PUERTO LUCAS MARGEN DERECHA,SEDE PUERTO ESPERANZA MARGEN IZQUIERDO,SEDE PUERTO ESPERANZA MARGEN IZQUIERDO,CAJM/JT-RI,CAJM/JT-RI,OK
684,841,849,27,682,600,111,VISTAHERMOSA,1101,VISTAHERMOSA,1101,CENTRO EDUCATIVO PUERTO LUCAS MARGEN DERECHA,CENTRO EDUCATIVO PUERTO LUCAS MARGEN DERECHA,SEDE GENERAL SANTANDER,SEDE GENERAL SANTANDER,CAJM/JT-RI,CAJM/JT-RI,OK
685,842,850,837,683,601,111,VISTAHERMOSA,1101,VISTAHERMOSA,1101,CENTRO EDUCATIVO PUERTO LUCAS MARGEN DERECHA,CENTRO EDUCATIVO PUERTO LUCAS MARGEN DERECHA,SEDE EL PROGRESO DEL GUEJAR,SEDE EL PROGRESO DEL GUEJAR,CAJM/JT-RI,CAJM/JT-RI,OK
686,843,851,838,684,602,111,VISTAHERMOSA,1101,VISTAHERMOSA,1101,CENTRO EDUCATIVO PUERTO LUCAS MARGEN DERECHA,CENTRO EDUCATIVO PUERTO LUCAS MARGEN DERECHA,SEDE SAN JOSE DE JAMUCO,SEDE SAN JOSE DE JAMUCO,CAJM/JT-RI,CAJM/JT-RI,OK
687,844,852,839,685,603,111,VISTAHERMOSA,1101,VISTAHERMOSA,1101,CENTRO EDUCATIVO PUERTO LUCAS MARGEN DERECHA,CENTRO EDUCATIVO PUERTO LUCAS MARGEN DERECHA,SEDE ALTO TERMALES,SEDE ALTO TERMALES,CAJM/JT-RI,CAJM/JT-RI,OK
688,845,853,840,686,604,111,VISTAHERMOSA,1101,VISTAHERMOSA,1101,CENTRO EDUCATIVO PUERTO LUCAS MARGEN DERECHA,CENTRO EDUCATIVO PUERTO LUCAS MARGEN DERECHA,SEDE CAÑO BLANCO,SEDE CANO BLANCO,CAJM/JT-RI,CAJM/JT-RI,OK
689,846,854,841,687,605,111,VISTAHERMOSA,1101,VISTAHERMOSA,1101,CENTRO EDUCATIVO PUERTO LUCAS MARGEN DERECHA,CENTRO EDUCATIVO PUERTO LUCAS MARGEN DERECHA,SEDE JORGE ELIECER GARZON VELASCO,SEDE JORGE ELIECER GARZON VELASCO,CAJM/JT-RI,CAJM/JT-RI,OK